MA,FA,Cs,Pb,Sn,Other,I,Br,Po,ETL,HTL,Ne,Add_O,Add_I,Add_H,Step,Solvent,Coated1_v,Coated1_t,Coated2_v,Coated2_t,Antisolvent,Anneal_T,Anneal_t,Gap
1,0,0,1,0,0,1,0,1,1,1,0.666666667,0,0,0,0.5,0.75,0.5,0.222222222,0,0,1,0.285714286,0.022222222,0.615969582
1,0,0,1,0,0,1,0,0,0.666666667,0.333333333,0.333333333,0,0,0,0.5,0.75,0.5,0.333333333,0,0,1,0.285714286,0.111111111,0.615969582
1,0,0,1,0,0,1,0,0,0.666666667,0.333333333,0.333333333,0,0,0,0.5,1,0.5,0.333333333,0,0,1,0.285714286,0.111111111,0.6121673
1,0,0,1,0,0,1,0,0,0.666666667,0.333333333,0.333333333,0,0,0,0.5,1,0.5,0.333333333,0,0,1,0.285714286,0.111111111,0.6121673
1,0,0,1,0,0,1,0,0,0.666666667,0.333333333,0.333333333,0,0,0,0.5,1,0.5,0.333333333,0,0,1,0.285714286,0.111111111,0.6121673
0,1,0,1,0,0,1,0,0,0.333333333,0.333333333,0.666666667,1,0,1,0.5,1,0.375,0.222222222,0,0,1,0.357142857,0.222222222,0.570342205
0,1,0,1,0,0,1,0,0,0.333333333,0.333333333,0.666666667,0,0,0,0.5,1,0.375,0.222222222,0,0,1,0.357142857,0.222222222,0.570342205
0,0,1,1,0,0,0.666666667,0.333333333,0,0.333333333,0.333333333,1,0,0,0,0.5,0.75,0.35,0.277777778,0,0,0,1,0.055555556,0.72243346
0,0,1,1,0,0,0.666666667,0.333333333,0,0.333333333,0.333333333,1,0,0,0,0.5,0.75,0.35,0.277777778,0,0,0,1,0.055555556,0.72243346
0,0,1,1,0,0,0.666666667,0.333333333,0,0.333333333,0.333333333,1,0,1,0,0.5,0.75,0.35,0.277777778,0,0,0,0.428571429,0.055555556,0.72243346
0,0,1,1,0,0,0.666666667,0.333333333,0,0.333333333,0.333333333,1,0,1,0,0.5,0.75,0.35,0.277777778,0,0,0,0.428571429,0.055555556,0.72243346
0,0,1,1,0,0,0.666666667,0.333333333,0,0.333333333,0.333333333,1,0,1,0,0.5,0.75,0.35,0.277777778,0,0,0,1,0.055555556,0.72243346
0,0,1,1,0,0,0.666666667,0.333333333,0,0.333333333,0.333333333,1,0,1,0,0.5,0.75,0.35,0.277777778,0,0,0,1,0.055555556,0.72243346
1,0,0,0,1,0,1,0,0,0.333333333,0.333333333,0.333333333,0,0,0,0.5,0.25,0.5,0.5,0,0,0,0.357142857,0.333333333,0.494296578
1,0,0,0,1,0,0.666666667,0.333333333,0,0.333333333,0.333333333,0.333333333,0,0,0,0.5,0.25,0.5,0.5,0,0,0,0.357142857,0.333333333,0.593155894
1,0,0,0,1,0,0.333333333,0.666666667,0,0.333333333,0.333333333,0.333333333,0,0,0,0.5,0.25,0.5,0.5,0,0,0,0.357142857,0.333333333,0.66539924
1,0,0,0,1,0,0,1,0,0.333333333,0.333333333,0.333333333,0,0,0,0.5,0.25,0.5,0.5,0,0,0,0.357142857,0.333333333,0.817490494
0,1,0,1,0,0,1,0,0,0.333333333,0.333333333,0.333333333,0,0,0,1,1,0.75,0.055555556,0.666666667,0.5,0,0.2,0.333333333,0.570342205
0,0,1,1,0,0,0,1,0,0.333333333,0,1,0,0,0,0.5,0.25,0.25,0.111111111,0,0,0,0.714285714,0.055555556,0.882129278
0,0,1,1,0,0,0,1,0,0.333333333,0,1,0,0,0,0.5,0.25,0.25,0.111111111,0,0,0,0.714285714,0.055555556,0.882129278
0.15,0.85,0,1,0,0,0.85,0.15,0,0.333333333,0.333333333,0.333333333,0,0,0,1,0.5,0.625,0.5,0.833333333,0.5,0,0.285714286,0.666666667,0.551330798
0,1,0,0,1,0,1,0,1,1,0.666666667,1,1,1,1,0.5,0.75,1,0.666666667,0,0,1,0.228571429,0.111111111,0.517110266
0,1,0,0,1,0,1,0,1,1,0.666666667,1,1,1,1,0.5,0.75,1,0.666666667,0,0,1,0.228571429,0.111111111,0.517110266
0,1,0,0,1,0,1,0,1,1,0.666666667,1,1,1,1,0.5,0.75,1,0.666666667,0,0,1,0.228571429,0.111111111,0.52851711
0,1,0,0,1,0,1,0,1,1,0.666666667,1,1,1,1,0.5,0.75,1,0.666666667,0,0,1,0.228571429,0.111111111,0.52851711
0,1,0,0,1,0,1,0,1,1,0.666666667,1,1,1,1,0.5,0.75,1,0.666666667,0,0,1,0.228571429,0.111111111,0.543726236
0,1,0,0,1,0,1,0,1,1,0.666666667,1,1,1,1,0.5,0.75,1,0.666666667,0,0,1,0.228571429,0.111111111,0.543726236
0,1,0,0,1,0,1,0,1,1,0.666666667,1,1,1,1,0.5,0.75,1,0.666666667,0,0,1,0.228571429,0.111111111,0.55513308
0,1,0,0,1,0,1,0,1,1,0.666666667,1,1,1,1,0.5,0.75,1,0.666666667,0,0,1,0.228571429,0.111111111,0.55513308
0.15,0.85,0,1,0,0,0.85,0.15,1,0.666666667,0.333333333,0.666666667,1,0,0,1,0.75,0.1875,0.111111111,0.916666667,0.5,1,0.371428571,0.333333333,0.608365019
0.952,0.048,0,1,0,0,0.968,0.032,1,0.666666667,0.333333333,0.333333333,1,0,1,1,0.75,0.125,0.055555556,0.666666667,0.2,1,0.385714286,0.033333333,0.615969582
0.952,0.048,0,1,0,0,0.968,0.032,1,0.666666667,0.333333333,0.333333333,1,0,1,1,0.75,0.125,0.055555556,0.666666667,0.2,1,0.385714286,0.033333333,0.615969582
1,0,0,1,0,0,1,0,1,0.666666667,0.333333333,0.333333333,1,0,1,1,0.75,0.125,0.055555556,0.666666667,0.2,1,0.385714286,0.033333333,0.6121673
0.952,0.024,0,1,0,0,0.984,0.016,1,0.666666667,0.333333333,0.333333333,1,0,1,1,0.75,0.125,0.055555556,0.666666667,0.2,1,0.385714286,0.033333333,0.6121673
0.928,0.072,0,1,0,0,0.952,0.048,1,0.666666667,0.333333333,0.333333333,1,0,1,1,0.75,0.125,0.055555556,0.666666667,0.2,1,0.385714286,0.033333333,0.619771863
0.904,0.096,0,1,0,0,0.936,0.064,1,0.666666667,0.333333333,0.333333333,1,0,1,1,0.75,0.125,0.055555556,0.666666667,0.2,1,0.385714286,0.033333333,0.619771863
0,0,1,0,1,0,1,0,1,1,0.666666667,0.666666667,1,1,0,0.5,0.75,0.375,0.333333333,0,0,0,0.2,0.088888889,0.494296578
0,0,1,0,1,0,1,0,1,1,0.666666667,0.666666667,0,0,0,0.5,0.75,0.375,0.333333333,0,0,0,0.2,0.088888889,0.494296578
0,0,1,0,1,0,0.333333333,0.666666667,0,0.333333333,0,1,0,1,0,0.5,0.75,0.375,0.222222222,0,0,0,0.714285714,0.044444444,0.619771863
0.05,0.95,0,1,0,0,0.95,0.05,0,0.666666667,0.333333333,0.333333333,0,0,0,1,1,0.0375,0.111111111,0.666666667,0.5,1,0.428571429,0.111111111,0.584410646
0.15,0.85,0,1,0,0,0.85,0.15,0,0.333333333,0.333333333,0.333333333,1,0,0,0.5,0.75,0.75,0.333333333,0,0,1,0.285714286,0.666666667,0.608745247
0,0,1,1,0,0,0,1,0,0.333333333,0,1,1,0,0,1,1,0.25,0.333333333,0.333333333,0.166666667,1,0.714285714,0.055555556,0.870722433
0,0,1,1,0,0,0,1,0,0.333333333,0,1,1,0,0,1,0.25,0.25,0.333333333,0.333333333,0.166666667,1,0.714285714,0.055555556,0.882129278
0.05,0.95,0,1,0,0,0.95,0.05,0,0.666666667,0.333333333,0.333333333,1,1,0,1,1,0.0375,0.111111111,0.666666667,0.5,1,0.428571429,0.111111111,0.592395437
0.05,0.95,0,1,0,0,0.95,0.05,0,0.666666667,0.333333333,0.333333333,1,1,0,1,1,0.0375,0.111111111,0.666666667,0.5,1,0.428571429,0.111111111,0.592395437
0,1,0,1,0,0,1,0,0,0.666666667,0.333333333,0.333333333,1,1,0,1,1,0.0375,0.111111111,0.666666667,0.5,1,0.428571429,0.111111111,0.587452471
0,1,0,1,0,0,1,0,0,0.666666667,0.333333333,0.333333333,1,1,0,1,1,0.0375,0.111111111,0.666666667,0.5,1,0.428571429,0.111111111,0.587452471
1,0,0,1,0,0,1,0,1,1,1,0.666666667,0,0,0,0.5,0.75,0.5,0.222222222,0,0,1,0.285714286,0.022222222,0.615209125
0,1,0,0,1,0,1,0,1,1,0.666666667,1,1,0,1,0.5,0.75,0.5,0.666666667,0,0,0,0.185714286,0.222222222,0.524714829
0,1,0,1,0,0,1,0,1,0.666666667,0.333333333,0.333333333,1,0,1,0.5,0.25,0.5,0.333333333,0,0,0,0.428571429,0.111111111,0.585551331
0,1,0,1,0,0,1,0,1,0.666666667,0.333333333,0.333333333,1,0,1,0.5,0.25,0.5,0.333333333,0,0,0,0.428571429,0.111111111,0.585551331
0,1,0,1,0,0,1,0,1,0.666666667,0.333333333,0.333333333,1,0,1,0.5,0.25,0.5,0.111111111,0,0,0,0.428571429,0.222222222,0.581749049
0,1,0,1,0,0,1,0,1,0.666666667,0.333333333,0.333333333,1,0,1,0.5,0.25,0.5,0.111111111,0,0,0,0.428571429,0.222222222,0.581749049
0,1,0,0,1,0,1,0,1,1,0.666666667,0.666666667,0,0,0,1,0.5,0.125,0.133333333,0.833333333,0.8,1,0.285714286,0.133333333,0.585551331
0,1,0,0,1,0,1,0,1,1,0.666666667,0.666666667,0,0,0,1,0.5,0.125,0.133333333,0.833333333,0.8,1,0.285714286,0.133333333,0.585551331
0.17,0.83,0,1,0,0,0.83,0.17,1,0.666666667,0.333333333,0.333333333,0,0,0,0.5,0.75,0.75,0.333333333,0,0,1,0.285714286,0.555555556,0.608365019
0.1,0.9,0,1,0,0,1,0,1,0.666666667,0.333333333,0.666666667,0,0,0,1,0.75,0.125,0.111111111,0.666666667,0.5,1,0.428571429,0.111111111,0.588212928
0,0.9,0.1,1,0,0,1,0,1,0.666666667,0.333333333,0.666666667,0,1,1,1,0.75,0.125,0.111111111,0.666666667,0.5,1,0.428571429,0.111111111,0.587452471
0,0.9,0.1,1,0,0,1,0,1,0.666666667,0.333333333,0.666666667,0,1,1,1,0.75,0.125,0.111111111,0.666666667,0.5,1,0.428571429,0.111111111,0.586311787
0,0.9,0.1,1,0,0,1,0,1,0.666666667,0.333333333,0.666666667,0,1,1,1,0.75,0.125,0.111111111,0.666666667,0.5,1,0.428571429,0.111111111,0.585171103
0,1,0,0,1,0,1,0,0,0.333333333,0.333333333,0.333333333,1,0,0,1,0.75,0.125,0.111111111,0.833333333,0.833333333,1,0.171428571,0.666666667,0.536121673
0,1,0,0,1,0,1,0,0,0.333333333,0.333333333,0.333333333,1,0,0,1,0.75,0.125,0.111111111,0.833333333,0.833333333,1,0.171428571,0.666666667,0.536121673
0,1,0,0,1,0,1,0,0,0.333333333,0.333333333,0.333333333,1,0,0,1,0.75,0.125,0.111111111,0.833333333,0.833333333,1,0.171428571,0.666666667,0.536121673
1,0,0,1,0,0,1,0,1,0.666666667,0.333333333,0.666666667,0,0,0,0.5,0.75,0.5,0.066666667,0,0,0,0.285714286,0.111111111,0.570342205
1,0,0,1,0,0,1,0,1,1,0.333333333,0.666666667,0,0,0,0.5,0.75,0.5,0.066666667,0,0,0,0.285714286,0.111111111,0.570342205
1,0,0,1,0,0,1,0,1,1,0.333333333,0.666666667,0,0,0,0.5,0.75,0.5,0.066666667,0,0,0,0.285714286,0.111111111,0.570342205
0,1,0,0,1,0,1,0,0,0.333333333,0.333333333,0.333333333,0,1,1,0.5,0.25,0.25,0.444444444,0,0,0,0.2,0.333333333,0.536121673
1,0,0,1,0,0,1,0,0,0.333333333,0.333333333,0.666666667,1,0,0,1,1,0.125,0.222222222,0.666666667,0.666666667,0,0.285714286,0.111111111,0.604562738
1,0,0,0.95,0.05,0,1,0,0,0.333333333,0.333333333,0.666666667,1,0,0,1,1,0.125,0.222222222,0.666666667,0.666666667,0,0.285714286,0.111111111,0.600760456
1,0,0,0.95,0,0.05,0.966666667,0.033333333,0,0.333333333,0.333333333,0.666666667,1,0,0,1,1,0.125,0.222222222,0.666666667,0.666666667,0,0.285714286,0.111111111,0.600760456
1,0,0,0.9,0.05,0.05,0.966666667,0.033333333,0,0.333333333,0.333333333,0.666666667,1,0,0,1,1,0.125,0.222222222,0.666666667,0.666666667,0,0.285714286,0.111111111,0.600760456
1,0,0,0,1,0,1,0,0,0.333333333,1,0.333333333,0,1,1,0.5,0.5,0.1875,0.333333333,0,0,0,0.285714286,0.222222222,0.494296578
0,0,1,0,1,0,1,0,0,0.333333333,1,0.333333333,0,1,1,0.5,0.5,0.1875,0.333333333,0,0,0,0.285714286,0.222222222,0.475285171
0,0,1,0,1,0,0,1,0,0.333333333,1,0.333333333,0,1,1,0.5,0.5,0.1875,0.333333333,0,0,0,0.285714286,0.222222222,0.680608365
1,0,0,1,0,0,0.6,0.4,1,1,0.666666667,0.666666667,0,0,0,1,1,0.125,0.166666667,0.666666667,0.75,1,0.285714286,0.111111111,0.684410646
1,0,0,0.75,0.25,0,0.6,0.4,1,1,0.666666667,0.666666667,0,0,0,1,1,0.125,0.166666667,0.666666667,0.75,1,0.285714286,0.111111111,0.604562738
1,0,0,0.5,0.5,0,0.6,0.4,1,1,0.666666667,0.666666667,0,0,0,1,1,0.125,0.166666667,0.666666667,0.75,1,0.285714286,0.111111111,0.562737643
1,0,0,0.25,0.75,0,0.6,0.4,1,1,0.666666667,0.666666667,0,0,0,1,1,0.125,0.166666667,0.666666667,0.75,1,0.285714286,0.111111111,0.509505703
1,0,0,0,1,0,0.6,0.4,1,1,0.666666667,0.666666667,0,0,0,1,1,0.125,0.166666667,0.666666667,0.75,1,0.285714286,0.111111111,0.608365019
0.25,0.75,0,0,1,0,1,0,1,1,0.666666667,0.333333333,0,1,0,0.5,0.25,0.625,0.555555556,0,0,1,0.2,0.111111111,0.532319392
0.25,0.75,0,0,0.95,0.5,1,0,1,1,0.666666667,0.333333333,0,1,0,0.5,0.25,0.625,0.555555556,0,0,1,0.2,0.111111111,0.532319392
0.25,0.75,0,0,0.9,1,1,0,1,1,0.666666667,0.333333333,0,1,0,0.5,0.25,0.625,0.555555556,0,0,1,0.2,0.111111111,0.539923954
0.25,0.75,0,0,0.8,0.2,1,0,1,1,0.666666667,0.333333333,0,1,0,0.5,0.25,0.625,0.555555556,0,0,1,0.2,0.111111111,0.581749049
1,0,0,0,1,0,1,0,0,0.333333333,0.333333333,0.333333333,0,0,0,0.5,0.25,0.5,0.5,0,0,0,0.357142857,0.333333333,0.494296578
1,0,0,0,1,0,0.666666667,0.333333333,0,0.333333333,0.333333333,0.333333333,0,0,0,0.5,0.25,0.5,0.5,0,0,0,0.357142857,0.333333333,0.593155894
1,0,0,0,1,0,0.333333333,0.666666667,0,0.333333333,0.333333333,0.333333333,0,0,0,0.5,0.25,0.5,0.5,0,0,0,0.357142857,0.333333333,0.66539924
1,0,0,0,1,0,0,1,0,0.333333333,0.333333333,0.333333333,0,0,0,0.5,0.25,0.5,0.5,0,0,0,0.357142857,0.333333333,0.817490494
0,0,1,1,0,0,1,0,0,0.333333333,1,0.333333333,0,1,1,1,0.75,0.1,0.111111111,0.583333333,0.583333333,0,0.285714286,0.166666667,0.650190114
0,0,1,0.99,0.01,0,1,0,0,0.333333333,1,0.333333333,0,1,1,1,0.75,0.1,0.111111111,0.583333333,0.583333333,0,0.285714286,0.166666667,1
0,0,1,0.975,0.025,0,1,0,0,0.333333333,1,0.333333333,0,1,1,1,0.75,0.1,0.111111111,0.583333333,0.583333333,0,0.285714286,0.166666667,0.661596958
0,0,1,0.96,0.04,0,1,0,0,0.333333333,1,0.333333333,0,1,1,1,0.75,0.1,0.111111111,0.583333333,0.583333333,0,0.285714286,0.166666667,0.593155894
0,0,1,0.95,0.05,0,1,0,0,0.333333333,1,0.333333333,0,1,1,1,0.75,0.1,0.111111111,0.583333333,0.583333333,0,0.285714286,0.166666667,0.600760456
0,0,1,1,0,0,1,0,0,0.333333333,0,1,0,0,0,0.5,0.5,0.25,0.333333333,0,0,0,0.314285714,0.111111111,0.66539924
0,0,1,1,0,0,1,0,0,0.333333333,0,1,0,0,0,0.5,0.5,0.25,0.333333333,0,0,0,0.314285714,0.111111111,0.66539924
0,0,1,0.96,0.04,0,1,0,0,0.333333333,0,1,0,0,0,0.5,0.5,0.25,0.333333333,0,0,0,0.314285714,0.111111111,0.676806084
0,0,1,0.96,0.04,0,1,0,0,0.333333333,0,1,0,0,0,0.5,0.5,0.25,0.333333333,0,0,0,0.314285714,0.111111111,0.676806084
0.16,0.79,0.05,1,0,0,0.826666667,0.173333333,1,1,0.666666667,0.666666667,0,0,0,0.5,0.75,0.625,0.444444444,0,0,0,0.285714286,0.333333333,0.6121673
0.16,0.79,0.05,1,0,0,0.826666667,0.173333333,1,1,0.666666667,0.666666667,0,0,0,0.5,0.75,0.625,0.444444444,0,0,0,0.285714286,0.333333333,0.6121673
0.16,0.79,0.05,0.916,0.16,0,0.826666667,0.173333333,1,1,0.666666667,0.666666667,0,0,0,0.5,0.75,0.625,0.444444444,0,0,0,0.285714286,0.333333333,0.585551331
0.16,0.79,0.05,0.916,0.16,0,0.826666667,0.173333333,1,1,0.666666667,0.666666667,0,0,0,0.5,0.75,0.625,0.444444444,0,0,0,0.285714286,0.333333333,0.585551331
0.16,0.79,0.05,0.832,0.168,0,0.826666667,0.173333333,1,1,0.666666667,0.666666667,0,0,0,0.5,0.75,0.625,0.444444444,0,0,0,0.285714286,0.333333333,0.558935361
0.16,0.79,0.05,0.832,0.168,0,0.826666667,0.173333333,1,1,0.666666667,0.666666667,0,0,0,0.5,0.75,0.625,0.444444444,0,0,0,0.285714286,0.333333333,0.558935361
0.16,0.79,0.05,0.748,0.252,0,0.826666667,0.173333333,1,1,0.666666667,0.666666667,0,0,0,0.5,0.75,0.625,0.444444444,0,0,0,0.285714286,0.333333333,0.536121673
0.16,0.79,0.05,0.748,0.252,0,0.826666667,0.173333333,1,1,0.666666667,0.666666667,0,0,0,0.5,0.75,0.625,0.444444444,0,0,0,0.285714286,0.333333333,0.536121673
0.16,0.79,0.05,0.664,0.336,0,0.826666667,0.173333333,1,1,0.666666667,0.666666667,0,0,0,0.5,0.75,0.625,0.444444444,0,0,0,0.285714286,0.333333333,0.524714829
0.16,0.79,0.05,0.664,0.336,0,0.826666667,0.173333333,1,1,0.666666667,0.666666667,0,0,0,0.5,0.75,0.625,0.444444444,0,0,0,0.285714286,0.333333333,0.524714829
0.16,0.79,0.05,0.58,0.42,0,0.826666667,0.173333333,1,1,0.666666667,0.666666667,0,0,0,0.5,0.75,0.625,0.444444444,0,0,0,0.285714286,0.333333333,0.513307985
0.16,0.79,0.05,0.58,0.42,0,0.826666667,0.173333333,1,1,0.666666667,0.666666667,0,0,0,0.5,0.75,0.625,0.444444444,0,0,0,0.285714286,0.333333333,0.513307985
0,0,1,1,0,0,0,1,0,0.333333333,0,1,0,0,0,0.5,0.25,0.25,0.333333333,0,0,0,0.714285714,0.055555556,0.874524715
0,0,1,1,0,0,0,1,0,0,0,1,0,0,0,0.5,0.25,0.25,0.333333333,0,0,0,0.714285714,0.055555556,0.874524715
0,0,1,1,0,0,0,1,0,0.333333333,0,1,0,0,0,0.5,0.25,0.125,0.333333333,0,0,0,0.714285714,0.055555556,0.874524715
0,0,1,1,0,0,0,1,0,0.333333333,0,1,0,0,0,0.5,0.25,0.375,0.333333333,0,0,0,0.714285714,0.055555556,0.874524715
0,0,1,1,1,0,1,0,0,0.333333333,0,1,0,0,0,0.5,0.25,0.25,0.333333333,0,0,0,0.2,0.333333333,0.646387833
0,0,1,1,0,0,0,1,0,0.333333333,0,1,0,0,0,1,0.25,0.25,0.333333333,0.333333333,0.5,0,0.714285714,0.055555556,0.878326996
0,0,1,0.9,0,0.1,0,1,0,0.333333333,0,1,0,0,0,1,0.25,0.25,0.333333333,0.333333333,0.5,0,0.714285714,0.055555556,0.870722433
0,0,1,0.8,0,0.2,0,1,0,0.333333333,0,1,0,0,0,1,0.25,0.25,0.333333333,0.333333333,0.5,0,0.714285714,0.055555556,0.844106464
0,0,1,0.7,0,0.3,0,1,0,0.333333333,0,1,0,0,0,1,0.25,0.25,0.333333333,0.333333333,0.5,0,0.714285714,0.055555556,0.83269962
0,0,1,0.9,0,0.1,0,1,0,0.333333333,0,1,0,0,0,1,0.25,0.25,0.333333333,0.333333333,0.5,0,0.714285714,0.055555556,0.817490494
0,0,1,0.9,0,0.1,0,1,0,0.333333333,0,1,0,0,0,1,0.25,0.25,0.333333333,0.333333333,0.5,0,0.714285714,0.055555556,0.798479087
0,0,1,0.9,0,0.1,0,1,0,0.333333333,0,1,0,0,0,1,0.25,0.25,0.333333333,0.333333333,0.5,0,0.714285714,0.055555556,0.855513308
0,0,1,1,0,0,0,1,0,0.333333333,0,1,0,0,0,1,0.25,0.25,0.333333333,0.333333333,0.5,0,0.714285714,0.055555556,0.882129278
0,0,1,0.97,0,0.03,0,1,0,0.333333333,0,1,0,0,0,1,0.25,0.25,0.333333333,0.333333333,0.5,0,0.714285714,0.055555556,0.870722433
0,0,1,0.97,0,0.03,0,1,0,0.333333333,0,1,0,0,0,1,0.25,0.25,0.333333333,0.333333333,0.5,0,0.714285714,0.055555556,0.863117871
0,0,1,0.97,0,0.03,0,1,0,0.333333333,0,1,0,0,0,1,0.25,0.25,0.333333333,0.333333333,0.5,0,0.714285714,0.055555556,0.851711027
0,0,1,0.96,0,0.04,0,1,0,0.333333333,0,1,0,0,0,1,0.25,0.25,0.333333333,0.333333333,0.5,0,0.714285714,0.055555556,0.866920152
0,0,1,1,0,0,0.666666667,0.333333333,0,0.333333333,1,0.333333333,0,0,0,1,0.75,0.125,0.111111111,0.666666667,0.5,0,0.285714286,0.055555556,0.72243346
0,0,1,0.99,0,0.01,0.666666667,0.333333333,0,0.333333333,1,0.333333333,0,0,0,1,0.75,0.125,0.111111111,0.666666667,0.5,0,0.285714286,0.055555556,0.72243346
0,0,1,0.98,0,0.02,0.666666667,0.333333333,0,0.333333333,1,0.333333333,0,0,0,1,0.75,0.125,0.111111111,0.666666667,0.5,0,0.285714286,0.055555556,0.707224335
0,0,1,0.97,0,0.03,0.666666667,0.333333333,0,0.333333333,1,0.333333333,0,0,0,1,0.75,0.125,0.111111111,0.666666667,0.5,0,0.285714286,0.055555556,0.72243346
0,0,1,0.95,0,0.05,0.666666667,0.333333333,0,0.333333333,1,0.333333333,0,0,0,1,0.75,0.125,0.111111111,0.666666667,0.5,0,0.285714286,0.055555556,0.711026616
0,0,1,1,0,0,0.333333333,0.666666667,0,1,1,0.333333333,0,0,0,0.5,0.5,0.3125,0.333333333,0,0,0,0.457142857,0.222222222,0.790874525
0,0,1,1,0,0,0.333333333,0.666666667,0,0,1,0.333333333,0,0,0,0.5,0.5,0.3125,0.333333333,0,0,0,0.457142857,0.222222222,0.790874525
0,0,1,1,0,0,0,1,0,0.333333333,0,1,0,0,0,0.5,0.75,0.25,0.333333333,0,0,0,0.714285714,0.111111111,0.88973384
0,0,1,1,0,0,0.333333333,0.666666667,0,0.333333333,0,1,0,0,0,0.5,0.75,0.25,0.333333333,0,0,0,1,0.111111111,0.72243346
0,0,1,0.9,0.1,0,0.333333333,0.666666667,0,0.333333333,0,1,0,0,0,0.5,0.75,0.25,0.333333333,0,0,0,1,0.111111111,0.680608365
0,0,1,1,0,0,0.666666667,0.333333333,0,0.333333333,0.333333333,0.333333333,0,0,0,1,0.5,0.125,0.111111111,0.5,0.5,0,0.8,0.111111111,0.718631179
0,0,1,0.95,0,0.05,0.666666667,0.333333333,0,0.333333333,0.333333333,0.333333333,0,0,0,1,0.75,0.125,0.111111111,0.5,0.5,0,0.8,0.111111111,0.730038023
0,1,0,1,0,0,1,0,0,0.333333333,0.333333333,0.666666667,0,0,0,0.5,0.75,0.5,0.333333333,0,0,1,0.428571429,0.055555556,0.574144487
0,0.95,0.05,1,0,0,1,0,0,0.333333333,0.333333333,0.666666667,0,0,0,0.5,0.75,0.5,0.333333333,0,0,1,0.428571429,0.055555556,0.577946768
0,0.9,0.1,1,0,0,1,0,0,0.333333333,0.333333333,0.666666667,0,0,0,0.5,0.75,0.5,0.333333333,0,0,1,0.428571429,0.055555556,0.581749049
0,0.85,0.15,1,0,0,1,0,0,0.333333333,0.333333333,0.666666667,0,0,0,0.5,0.75,0.5,0.333333333,0,0,1,0.428571429,0.055555556,0.581749049
0,0.8,0.2,1,0,0,1,0,0,0.333333333,0.333333333,0.666666667,0,0,0,0.5,0.75,0.5,0.333333333,0,0,1,0.428571429,0.055555556,0.581749049
0,1,0,1,0,0,1,0,0,0.333333333,0.333333333,0.666666667,0,0,0,0.5,0.75,0.5,0.333333333,0,0,1,0.428571429,0.055555556,0.574144487
0,1,0,1,0,0,1,0,0,0.333333333,0.333333333,0.666666667,0,0,0,0.5,0.75,0.5,0.333333333,0,0,1,0.428571429,0.055555556,0.574144487
0,1,0,1,0,0,1,0,0,0.333333333,0.333333333,0.666666667,0,0,0,0.5,0.75,0.5,0.333333333,0,0,1,0.428571429,0.055555556,0.574144487
0,1,0,1,0,0,1,0,0,0.333333333,0.333333333,0.666666667,0,0,0,0.5,0.75,0.5,0.333333333,0,0,1,0.428571429,0.055555556,0.574144487
0,1,0,1,0,0,1,0,0,0.333333333,0.333333333,0.666666667,0,0,0,0.5,0.75,0.5,0.333333333,0,0,1,0.428571429,0.055555556,0.574144487
0,1,0,1,0,0,1,0,0,0.333333333,0.333333333,0.666666667,0,0,0,0.5,0.75,0.5,0.333333333,0,0,1,0.428571429,0.055555556,0.574144487
0,1,0,1,0,0,1,0,0,0.333333333,0.333333333,0.666666667,0,0,0,0.5,0.75,0.5,0.333333333,0,0,1,0.428571429,0.055555556,0.574144487
0,1,0,1,0,0,1,0,0,0.333333333,0.333333333,0.666666667,0,0,0,0.5,0.75,0.5,0.333333333,0,0,1,0.428571429,0.055555556,0.574144487
0,1,0,1,0,0,1,0,0,0.333333333,0.333333333,0.666666667,0,0,0,0.5,0.75,0.5,0.333333333,0,0,1,0.428571429,0.055555556,0.574144487
0,1,0,1,0,0,1,0,0,0.333333333,0.333333333,0.666666667,0,0,0,0.5,0.75,0.5,0.333333333,0,0,1,0.428571429,0.055555556,0.574144487
0,1,0,1,0,0,1,0,0,0.333333333,0.333333333,0.666666667,0,0,0,0.5,0.75,0.5,0.333333333,0,0,1,0.428571429,0.055555556,0.574144487
0,1,0,1,0,0,1,0,0,0.333333333,0.333333333,0.666666667,0,0,0,0.5,0.75,0.5,0.333333333,0,0,1,0.428571429,0.055555556,0.574144487
0,1,0,1,0,0,1,0,0,0.333333333,0.333333333,0.666666667,0,0,0,0.5,0.75,0.5,0.333333333,0,0,1,0.428571429,0.055555556,0.574144487
0,1,0,1,0,0,1,0,0,0.333333333,0.333333333,0.666666667,0,0,0,0.5,0.75,0.5,0.333333333,0,0,1,0.428571429,0.055555556,0.574144487
0,1,0,1,0,0,1,0,0,0.333333333,0.333333333,0.666666667,0,0,0,0.5,0.75,0.5,0.333333333,0,0,1,0.428571429,0.055555556,0.574144487
0,1,0,1,0,0,1,0,0,0.333333333,0.333333333,0.666666667,0,0,0,0.5,0.75,0.5,0.333333333,0,0,1,0.428571429,0.055555556,0.574144487
0,1,0,1,0,0,1,0,0,0.333333333,0.333333333,0.666666667,0,0,0,0.5,0.75,0.5,0.333333333,0,0,1,0.428571429,0.055555556,0.574144487
0,1,0,1,0,0,1,0,0,0.333333333,0.333333333,0.666666667,0,0,0,0.5,0.75,0.5,0.333333333,0,0,1,0.428571429,0.055555556,0.574144487
0,1,0,1,0,0,1,0,0,0.333333333,0.333333333,0.666666667,0,0,0,0.5,0.75,0.5,0.333333333,0,0,1,0.428571429,0.055555556,0.574144487
0,1,0,1,0,0,1,0,0,0.333333333,0.333333333,0.666666667,0,0,0,0.5,0.75,0.5,0.333333333,0,0,1,0.428571429,0.055555556,0.574144487
0,1,0,1,0,0,1,0,0,0.333333333,0.333333333,0.666666667,0,0,0,0.5,0.75,0.5,0.333333333,0,0,1,0.428571429,0.055555556,0.574144487
0,0,1,1,0,0,1,0,0,0.333333333,0.333333333,0.333333333,0,0,0,1,0.75,0.1875,0.111111111,0.666666667,0.5,0,0.514285714,0.1,0.633079848
0,0,1,1,0,0,1,0,0,0.333333333,0.333333333,0.333333333,0,0,0,1,0.75,0.1875,0.111111111,0.666666667,0.5,0,0.514285714,0.1,0.633079848
0,0,1,0.975,0,0.025,1,0,0,0.333333333,0.333333333,0.333333333,0,0,0,1,0.75,0.1875,0.111111111,0.666666667,0.5,0,0.514285714,0.1,0.636121673
0,0,1,0.975,0,0.025,1,0,0,0.333333333,0.333333333,0.333333333,0,0,0,1,0.75,0.1875,0.111111111,0.666666667,0.5,0,0.514285714,0.1,0.636121673
0,0,1,0.95,0,0.05,1,0,0,0.333333333,0.333333333,0.333333333,0,0,0,1,0.75,0.1875,0.111111111,0.666666667,0.5,0,0.514285714,0.1,0.638403042
0,0,1,0.95,0,0.05,1,0,0,0.333333333,0.333333333,0.333333333,0,0,0,1,0.75,0.1875,0.111111111,0.666666667,0.5,0,0.514285714,0.1,0.638403042
0,0,1,0.925,0,0.075,1,0,0,0.333333333,0.333333333,0.333333333,0,0,0,1,0.75,0.1875,0.111111111,0.666666667,0.5,0,0.514285714,0.1,0.645627376
0,0,1,0.925,0,0.075,1,0,0,0.333333333,0.333333333,0.333333333,0,0,0,1,0.75,0.1875,0.111111111,0.666666667,0.5,0,0.514285714,0.1,0.645627376
0,0,1,0.9,0,0.1,1,0,0,0.333333333,0.333333333,0.333333333,0,0,0,1,0.75,0.1875,0.111111111,0.666666667,0.5,0,0.514285714,0.1,0.645627376
0,0,1,0.9,0,0.1,1,0,0,0.333333333,0.333333333,0.333333333,0,0,0,1,0.75,0.1875,0.111111111,0.666666667,0.5,0,0.514285714,0.1,0.645627376
0.17,0.78,0.05,1,0,0,0.83,0.17,0,0.333333333,0.333333333,0.333333333,0,1,1,1,0.75,0.125,0.111111111,1,0.333333333,1,0.285714286,0.666666667,0.619771863
0.17,0.78,0.05,1,0,0,0.83,0.17,0,0.333333333,0.333333333,0.333333333,0,1,1,1,0.75,0.125,0.111111111,1,0.333333333,1,0.285714286,0.666666667,0.619771863
0.17,0.73,0.1,1,0,0,0.83,0.17,0,0.333333333,0.333333333,0.333333333,0,1,1,1,0.75,0.125,0.111111111,1,0.333333333,1,0.285714286,0.666666667,0.619771863
0.17,0.73,0.1,1,0,0,0.83,0.17,0,0.333333333,0.333333333,0.333333333,0,1,1,1,0.75,0.125,0.111111111,1,0.333333333,1,0.285714286,0.666666667,0.619771863
0.17,0.68,0.15,1,0,0,0.83,0.17,0,0.333333333,0.333333333,0.333333333,0,1,1,1,0.75,0.125,0.111111111,1,0.333333333,1,0.285714286,0.666666667,0.631178707
0.17,0.68,0.15,1,0,0,0.83,0.17,0,0.333333333,0.333333333,0.333333333,0,1,1,1,0.75,0.125,0.111111111,1,0.333333333,1,0.285714286,0.666666667,0.631178707
0.25,0.75,0,1,0,0,0.33,0.17,0,0.333333333,0.333333333,0.333333333,0,1,1,1,0.75,0.125,0.111111111,1,0.333333333,1,0.285714286,0.666666667,0.615969582
0.2,0.75,0.05,1,0,0,0.83,0.17,0,0.333333333,0.333333333,0.333333333,0,1,1,1,0.75,0.125,0.111111111,1,0.333333333,1,0.285714286,0.666666667,0.619771863
0.15,0.75,0.1,1,0,0,0.83,0.17,0,0.333333333,0.333333333,0.333333333,0,1,1,1,0.75,0.125,0.111111111,1,0.333333333,1,0.285714286,0.666666667,0.619771863
0.15,0.75,0.1,1,0,0,0.83,0.17,0,0.333333333,0.333333333,0.333333333,0,1,1,1,0.75,0.125,0.111111111,1,0.333333333,1,0.285714286,0.666666667,0.619771863
0.1,0.75,0.15,1,0,0,0.83,0.17,0,0.333333333,0.333333333,0.333333333,0,1,1,1,0.75,0.125,0.111111111,1,0.333333333,1,0.285714286,0.666666667,0.631178707
0.1,0.75,0.15,1,0,0,0.83,0.17,0,0.333333333,0.333333333,0.333333333,0,1,1,1,0.75,0.125,0.111111111,1,0.333333333,1,0.285714286,0.666666667,0.631178707
0.12,0.83,0.05,1,0,0,0.83,0.17,0,0.333333333,0.333333333,0.333333333,0,1,1,1,0.75,0.125,0.111111111,1,0.333333333,1,0.285714286,0.666666667,0.619771863
0.12,0.83,0.05,1,0,0,0.83,0.17,0,0.333333333,0.333333333,0.333333333,0,1,1,1,0.75,0.125,0.111111111,1,0.333333333,1,0.285714286,0.666666667,0.619771863
0.07,0.83,0.1,1,0,0,0.83,0.17,0,0.333333333,0.333333333,0.333333333,0,1,1,1,0.75,0.125,0.111111111,1,0.333333333,1,0.285714286,0.666666667,0.619771863
0.07,0.83,0.1,1,0,0,0.83,0.17,0,0.333333333,0.333333333,0.333333333,0,1,1,1,0.75,0.125,0.111111111,1,0.333333333,1,0.285714286,0.666666667,0.619771863
0,0.83,0.17,1,0,0,0.6,0.4,0,0.666666667,0.333333333,0.666666667,0,0,0,0.5,0.25,0.25,0.5,0,0,0,0.528571429,1,0.661596958
0,0.83,0.17,1,0,0,0.6,0.4,0,0.666666667,0.333333333,0.333333333,0,0,0,0.5,0.25,0.25,0.5,0,0,0,0.528571429,1,0.661596958
0.15,0.85,0.05,1,0,0,0.85,0.15,1,0.666666667,0.333333333,0.666666667,0,1,1,1,0.5,0.125,0.111111111,0.833333333,0.5,1,0.285714286,0.666666667,0.6121673
0.1425,0.8475,0.05,1,0,0,0.15,0.85,1,0.666666667,0.333333333,0.666666667,0,1,1,1,0.5,0.125,0.111111111,0.833333333,0.5,1,0.285714286,0.666666667,0.615969582
0.135,0.765,0.1,1,0,0,0.15,0.85,1,0.666666667,0.333333333,0.666666667,0,1,1,1,0.5,0.125,0.111111111,0.833333333,0.5,1,0.285714286,0.666666667,0.619771863
0.2,0.8,0,0.5,0.5,0,1,0,1,1,1,0.666666667,0,1,1,1,0.5,0.125,0.111111111,0.833333333,0.5,0,0.285714286,0.077777778,0.479087452
0.2,0.8,0,0.5,0.5,0,1,0,1,1,1,0.666666667,0,1,1,1,0.5,0.125,0.111111111,0.833333333,0.5,0,0.285714286,0.077777778,0.479087452
0.195,0.78,0.025,0.5,0.5,0,1,0,1,1,1,0.666666667,0,1,1,0.5,0.5,0.625,0.111111111,0,0,0,0.285714286,0.077777778,0.479087452
0.195,0.78,0.025,0.5,0.5,0,1,0,1,1,1,0.666666667,0,1,1,0.5,0.5,0.625,0.111111111,0,0,0,0.285714286,0.077777778,0.479087452
0,0,1,1,0,0,0.666666667,0.333333333,0,0.333333333,0.333333333,0.333333333,0,0,0,0.5,0.25,0.1875,0.444444444,0,0,0,0.8,0.111111111,0.730038023
0,0,1,1,0,0,0.666666667,0.333333333,0,0.333333333,0.333333333,0.333333333,0,0,0,0.5,0.25,0.1875,0.444444444,0,0,0,0.8,0.111111111,0.730038023
0,0,1,1,0,0,0.666666667,0.333333333,0,0.333333333,0.333333333,0.333333333,0,0,0,0.5,0.25,0.1875,0.444444444,0,0,0,0.8,0.111111111,0.730038023
0,0,1,1,0,0,0.666666667,0.333333333,0,0.333333333,0.333333333,0.333333333,0,0,0,0.5,0.25,0.1875,0.444444444,0,0,0,0.8,0.111111111,0.730038023
0,0,1,1,0,0,0.666666667,0.333333333,0,0.333333333,0.333333333,0.333333333,0,0,0,0.5,0.25,0.1875,0.444444444,0,0,0,0.8,0.111111111,0.730038023
0,0,1,1,0,0,0.666666667,0.333333333,0,0.333333333,0.333333333,0.333333333,0,0,0,0.5,0.25,0.1875,0.444444444,0,0,0,0.8,0.111111111,0.730038023
0,0,1,1,0,0,0.666666667,0.333333333,0,0.333333333,0.333333333,0.333333333,0,0,0,0.5,0.25,0.1875,0.444444444,0,0,0,0.8,0.111111111,0.730038023
0,0,1,1,0,0,0.666666667,0.333333333,0,0.333333333,0.333333333,0.333333333,0,0,0,0.5,0.25,0.1875,0.444444444,0,0,0,0.8,0.111111111,0.730038023
0,0,1,1,0,0,0.666666667,0.333333333,0,0.333333333,0.333333333,0.333333333,0,0,0,0.5,0.25,0.1875,0.444444444,0,0,0,0.8,0.111111111,0.730038023
0,0,1,1,0,0,0.666666667,0.333333333,0,0.333333333,0.333333333,0.333333333,0,0,0,0.5,0.25,0.1875,0.444444444,0,0,0,0.8,0.111111111,0.730038023
0,0,1,1,0,0,0.666666667,0.333333333,0,0.333333333,0.333333333,0.333333333,0,0,0,0.5,0.25,0.1875,0.444444444,0,0,0,0.8,0.111111111,0.730038023
0,0,1,1,0,0,0.666666667,0.333333333,0,0.333333333,0.333333333,0.333333333,0,0,0,0.5,0.25,0.1875,0.444444444,0,0,0,0.8,0.111111111,0.730038023
0,0,1,1,0,0,0.666666667,0.333333333,0,0.333333333,0.333333333,0.333333333,0,0,0,0.5,0.25,0.1875,0.444444444,0,0,0,0.8,0.111111111,0.730038023
0,0,1,1,0,0,0.666666667,0.333333333,0,0.333333333,0.333333333,0.333333333,0,0,0,0.5,0.25,0.1875,0.444444444,0,0,0,0.8,0.111111111,0.730038023
0,0,1,1,0,0,0.666666667,0.333333333,0,0.333333333,0.333333333,0.333333333,0,0,0,0.5,0.25,0.1875,0.444444444,0,0,0,0.8,0.111111111,0.730038023
0,0,1,1,0,0,0.666666667,0.333333333,0,0.333333333,0.333333333,0.333333333,0,0,0,0.5,0.25,0.1875,0.444444444,0,0,0,0.8,0.111111111,0.730038023
0,0,1,1,0,0,0.666666667,0.333333333,0,0.333333333,0.333333333,0.333333333,0,0,0,0.5,0.25,0.1875,0.444444444,0,0,0,0.8,0.111111111,0.730038023
0,0,1,1,0,0,0.666666667,0.333333333,0,0.333333333,0.333333333,0.333333333,0,0,0,0.5,0.25,0.1875,0.444444444,0,0,0,0.8,0.111111111,0.730038023
0,0,1,1,0,0,0.666666667,0.333333333,0,0.333333333,0.333333333,0.333333333,0,0,0,0.5,0.25,0.1875,0.444444444,0,0,0,0.8,0.111111111,0.730038023
0,0,1,1,0,0,0.666666667,0.333333333,0,0.333333333,0.333333333,0.333333333,0,0,0,0.5,0.25,0.1875,0.444444444,0,0,0,0.8,0.111111111,0.730038023
0,0,1,1,0,0,0.666666667,0.333333333,0,1,0,1,0,0,0,0.5,0.75,0.25,0.333333333,0,0,0,1,0.111111111,0.657794677
0,0,1,1,0,0,1,0,0,0.333333333,0,1,0,0,0,0.5,0.25,0.25,0.222222222,0,0,0,0.571428571,0.055555556,0.650190114
0,0,1,1,0,0,0.333333333,0.666666667,0,0.333333333,1,1,0,0,0,1,0.5,0.1875,0.222222222,0.833333333,1,0,0.8,0.111111111,0.779467681
1,0,0,1,0,0,1,0,0,0.333333333,0.333333333,0.333333333,0,0,0,1,1,0.125,0.111111111,0.5,0.25,0,0.285714286,0.111111111,0.596958175
1,0,0,1,0,0,1,0,0,0.333333333,0.333333333,0.333333333,0,0,0,1,1,0.125,0.111111111,0.5,0.25,0,0.285714286,0.111111111,0.596958175
1,0,0,1,0,0,1,0,0,0.333333333,0.333333333,0.333333333,0,0,0,1,1,0.125,0.111111111,0.5,0.25,0,0.285714286,0.111111111,0.596958175
1,0,0,1,0,0,1,0,0,0.333333333,0.333333333,0.333333333,0,0,0,1,1,0.125,0.111111111,0.5,0.25,0,0.285714286,0.111111111,0.596958175
1,0,0,1,0,0,1,0,0,0.333333333,0.333333333,0.333333333,0,0,0,1,1,0.125,0.111111111,0.5,0.25,0,0.285714286,0.111111111,0.596958175
1,0,0,1,0,0,1,0,0,0.333333333,0.333333333,0.333333333,0,0,0,1,1,0.125,0.111111111,0.5,0.25,0,0.285714286,0.111111111,0.596958175
1,0,0,1,0,0,1,0,0,0.333333333,0.333333333,0.333333333,0,0,0,1,1,0.125,0.111111111,0.5,0.25,0,0.285714286,0.111111111,0.596958175
1,0,0,1,0,0,1,0,0,0.333333333,0.333333333,0.333333333,0,0,0,1,1,0.125,0.111111111,0.5,0.25,0,0.285714286,0.111111111,0.596958175
1,0,0,1,0,0,1,0,0,0.333333333,0.333333333,0.333333333,0,0,0,1,1,0.125,0.111111111,0.5,0.25,0,0.285714286,0.111111111,0.596958175
1,0,0,1,0,0,1,0,0,0.333333333,0.333333333,0.333333333,0,0,0,1,1,0.125,0.111111111,0.5,0.25,0,0.285714286,0.111111111,0.596958175
1,0,0,1,0,0,1,0,0,0.333333333,0.333333333,0.333333333,1,0,0,1,1,0.125,0.111111111,0.5,0.25,0,0.285714286,0.111111111,0.593155894
1,0,0,1,0,0,1,0,0,0.333333333,0.333333333,0.333333333,1,0,0,1,1,0.125,0.111111111,0.5,0.25,0,0.285714286,0.111111111,0.593155894
1,0,0,1,0,0,1,0,0,0.333333333,0.333333333,0.333333333,1,0,0,1,1,0.125,0.111111111,0.5,0.25,0,0.285714286,0.111111111,0.593155894
1,0,0,1,0,0,1,0,0,0.333333333,0.333333333,0.333333333,1,0,0,1,1,0.125,0.111111111,0.5,0.25,0,0.285714286,0.111111111,0.593155894
1,0,0,1,0,0,1,0,0,0.333333333,0.333333333,0.333333333,1,0,0,1,1,0.125,0.111111111,0.5,0.25,0,0.285714286,0.111111111,0.593155894
1,0,0,1,0,0,1,0,0,0.333333333,0.333333333,0.333333333,1,0,0,1,1,0.125,0.111111111,0.5,0.25,0,0.285714286,0.111111111,0.593155894
1,0,0,1,0,0,1,0,0,0.333333333,0.333333333,0.333333333,1,0,0,1,1,0.125,0.111111111,0.5,0.25,0,0.285714286,0.111111111,0.593155894
1,0,0,1,0,0,1,0,0,0.333333333,0.333333333,0.333333333,1,0,0,1,1,0.125,0.111111111,0.5,0.25,0,0.285714286,0.111111111,0.593155894
1,0,0,1,0,0,1,0,0,0.333333333,0.333333333,0.333333333,1,0,0,1,1,0.125,0.111111111,0.5,0.25,0,0.285714286,0.111111111,0.593155894
1,0,0,1,0,0,1,0,0,0.333333333,0.333333333,0.333333333,1,0,0,1,1,0.125,0.111111111,0.5,0.25,0,0.285714286,0.111111111,0.593155894
0,0,1,1,0,0,0.333333333,0.666666667,0,0.333333333,0,1,0,0,0,0.5,0.25,0.25,0.333333333,0,0,0,1,0.008333333,0.718631179
0,0,1,0.995,0,0.005,0.336666667,0.663333333,0,0.333333333,0,1,0,0,0,0.5,0.25,0.25,0.333333333,0,0,0,1,0.008333333,0.703422053
0,0,1,0.99,0,0.01,0.34,0.66,0,0.333333333,0,1,0,0,0,0.5,0.25,0.25,0.333333333,0,0,0,1,0.008333333,0.688212928
0,0,1,0.98,0,0.02,0.346666667,0.653333333,0,0.333333333,0,1,0,0,0,0.5,0.25,0.25,0.333333333,0,0,0,1,0.008333333,0.684410646
0,0,1,1,0,0,0.666666667,0.333333333,0,0.333333333,1,0.333333333,0,0,0,1,0.75,0.125,0.111111111,0.5,0.5,0,0.8,0.111111111,0.726235741
0,0,1,0.99,0,0.01,0.666666667,0.333333333,0,0.333333333,1,0.333333333,0,0,0,1,0.75,0.125,0.111111111,0.5,0.5,0,0.8,0.111111111,0.728136882
0,0,1,0.98,0,0.02,0.666666667,0.333333333,0,0.333333333,1,0.333333333,0,0,0,1,0.75,0.125,0.111111111,0.5,0.5,0,0.8,0.111111111,0.730418251
0,0,1,0.97,0,0.03,0.666666667,0.333333333,0,0.333333333,1,0.333333333,0,0,0,1,0.75,0.125,0.111111111,0.5,0.5,0,0.8,0.111111111,0.733079848
0,0,1,0.96,0,0.04,0.666666667,0.333333333,0,0.333333333,1,0.333333333,0,0,0,1,0.75,0.125,0.111111111,0.5,0.5,0,0.8,0.111111111,0.729657795
0,0,1,1,0,0,0.666666667,0.333333333,0,0.333333333,1,0.333333333,0,0,0,1,0.75,0.125,0.111111111,0.5,0.5,0,0.8,0.111111111,0.730038023
0,0,1,1,0,0,0.666666667,0.333333333,0,0.333333333,1,0.333333333,0,1,0,1,0.75,0.125,0.111111111,0.5,0.5,0,0.8,0.111111111,0.730038023
1,0,0,1,0,0,1,0,0,0.333333333,0.333333333,0.333333333,0,0,0,0.5,0.25,0.75,0.055555556,0,0,0,0.2,0.333333333,0.593155894
1,0,0,1,0,0,0.88,0.12,0,0.333333333,0.333333333,0.333333333,0,0,0,0.5,0.25,0.75,0.055555556,0,0,0,0.2,0.333333333,0.615969582
1,0,0,1,0,0,0.74,0.26,0,0.333333333,0.333333333,0.333333333,0,0,0,0.5,0.25,0.75,0.055555556,0,0,0,0.2,0.333333333,0.642585551
1,0,0,1,0,0,0.58,0.42,0,0.333333333,0.333333333,0.333333333,0,0,0,0.5,0.25,0.75,0.055555556,0,0,0,0.2,0.333333333,0.680608365
1,0,0,1,0,0,0.41,0.59,0,0.333333333,0.333333333,0.333333333,0,0,0,0.5,0.25,0.75,0.055555556,0,0,0,0.2,0.333333333,0.745247148
1,0,0,1,0,0,0.28,0.72,0,0.333333333,0.333333333,0.333333333,0,0,0,0.5,0.25,0.75,0.055555556,0,0,0,0.2,0.333333333,0.764258555
1,0,0,1,0,0,0.05,0.95,0,0.333333333,0.333333333,0.333333333,0,0,0,0.5,0.25,0.75,0.055555556,0,0,0,0.2,0.333333333,0.847908745
0,0,1,1,0,0,1,0,0,0.333333333,1,0.333333333,0,0,0,0.5,0.75,0.5,0.333333333,0,0,0,0.857142857,0.111111111,0.657794677
0,0,1,1,0,0,1,0,0,0.333333333,1,0.333333333,1,1,1,0.5,0.75,0.5,0.333333333,0,0,0,0.857142857,0.111111111,0.657794677
0,0,1,1,0,0,1,0,0,0.333333333,1,0.333333333,1,1,1,0.5,0.75,0.5,0.333333333,0,0,0,0.857142857,0.111111111,0.657794677
0,0,1,1,0,0,1,0,0,0.333333333,1,0.333333333,1,1,1,0.5,0.75,0.5,0.333333333,0,0,0,0.857142857,0.111111111,0.657794677
0,0,1,1,0,0,1,0,0,0.333333333,1,0.333333333,1,1,1,0.5,0.75,0.5,0.333333333,0,0,0,0.857142857,0.111111111,0.657794677
0,0,1,1,0,0,1,0,0,0.333333333,1,0.333333333,1,1,1,0.5,0.75,0.5,0.333333333,0,0,0,0.857142857,0.111111111,0.657794677
0,0,1,1,0,0,1,0,0,0.333333333,1,0.333333333,1,1,1,0.5,0.75,0.5,0.333333333,0,0,0,0.857142857,0.111111111,0.657794677
0,0,1,0,1,0,1,0,0,0.333333333,0.333333333,0.333333333,0,1,0,0.5,0.5,0.25,0.444444444,0,0,0,0.285714286,0.111111111,0.482889734
0,0,1,0,1,0,0.666666667,0.333333333,0,0.333333333,0.333333333,0.333333333,0,1,0,0.5,0.5,0.25,0.444444444,0,0,0,0.285714286,0.111111111,0.520912548
0,0,1,0,1,0,0.333333333,0.666666667,0,0.333333333,0.333333333,0.333333333,0,1,0,0.5,0.5,0.25,0.444444444,0,0,0,0.285714286,0.111111111,0.627376426
0,0,1,0,1,0,0,1,0,0.333333333,0.333333333,0.333333333,0,1,0,0.5,0.5,0.25,0.444444444,0,0,0,0.285714286,0.111111111,0.66539924
0,0,1,1,0,0,0.666666667,0.333333333,0,0.333333333,0.333333333,0.333333333,0,0,0,0.5,0.25,0.1875,0.444444444,0,0,0,0.8,0.022222222,0.730038023
0,0,1,1,0,0,0.666666667,0.333333333,0,0.333333333,0.333333333,0.333333333,0,0,0,0.5,0.25,0.1875,0.444444444,0,0,0,0.8,0.022222222,0.730038023
0,0,1,1,0,0,0.666666667,0.333333333,0,0.333333333,0.333333333,0.333333333,0,0,0,0.5,0.25,0.1875,0.444444444,0,0,0,0.8,0.022222222,0.730038023
0,0,1,1,0,0,0.666666667,0.333333333,0,0.333333333,0.333333333,0.333333333,0,0,0,0.5,0.25,0.1875,0.444444444,0,0,0,0.8,0.022222222,0.730038023
0,0,1,1,0,0,0.666666667,0.333333333,0,0.333333333,0.333333333,0.333333333,0,0,0,0.5,0.25,0.1875,0.444444444,0,0,0,0.8,0.022222222,0.730038023
0,0,1,1,0,0,0.666666667,0.333333333,0,0.333333333,0.333333333,0.333333333,0,0,0,0.5,0.25,0.1875,0.444444444,0,0,0,0.8,0.022222222,0.730038023
0,0,1,1,0,0,0.666666667,0.333333333,0,0.333333333,0.333333333,0.333333333,0,0,0,0.5,0.25,0.1875,0.444444444,0,0,0,0.8,0.022222222,0.730038023
0,0,1,1,0,0,0.666666667,0.333333333,0,0.333333333,0.333333333,0.333333333,0,0,0,0.5,0.25,0.1875,0.444444444,0,0,0,0.8,0.022222222,0.730038023
0,0,1,1,0,0,0.666666667,0.333333333,0,0.333333333,0.333333333,0.333333333,0,0,0,0.5,0.25,0.1875,0.444444444,0,0,0,0.8,0.022222222,0.730038023
0,0,1,1,0,0,0.666666667,0.333333333,0,0.333333333,0.333333333,0.333333333,0,0,0,0.5,0.25,0.1875,0.444444444,0,0,0,0.8,0.022222222,0.730038023
0,0,1,1,0,0,0.666666667,0.333333333,0,0.333333333,0.333333333,0.333333333,0,0,0,0.5,0.25,0.1875,0.444444444,0,0,0,0.8,0.022222222,0.730038023
0,0,1,1,0,0,0.666666667,0.333333333,0,0.333333333,0.333333333,0.333333333,0,0,0,0.5,0.25,0.1875,0.444444444,0,0,0,0.8,0.022222222,0.730038023
0,0,1,1,0,0,0.666666667,0.333333333,0,0.333333333,0.333333333,0.333333333,0,0,0,0.5,0.25,0.1875,0.444444444,0,0,0,0.8,0.022222222,0.730038023
0,0,1,1,0,0,0.666666667,0.333333333,0,0.333333333,0.333333333,0.333333333,0,0,0,0.5,0.25,0.1875,0.444444444,0,0,0,0.8,0.022222222,0.730038023
0,0,1,1,0,0,0.666666667,0.333333333,0,0.333333333,0.333333333,0.333333333,0,0,0,0.5,0.25,0.1875,0.444444444,0,0,0,0.8,0.022222222,0.730038023
0,0,1,1,0,0,0.666666667,0.333333333,0,0.333333333,0.333333333,0.333333333,0,0,0,0.5,0.25,0.1875,0.444444444,0,0,0,0.8,0.022222222,0.730038023
0,0,1,1,0,0,0.666666667,0.333333333,0,0.333333333,0.333333333,0.333333333,0,0,0,0.5,0.25,0.1875,0.444444444,0,0,0,0.8,0.022222222,0.730038023
0,0,1,1,0,0,0.666666667,0.333333333,0,0.333333333,0.333333333,0.333333333,0,0,0,0.5,0.25,0.1875,0.444444444,0,0,0,0.8,0.022222222,0.730038023
0,0,1,1,0,0,0.666666667,0.333333333,0,0.333333333,0.333333333,0.333333333,0,0,0,0.5,0.25,0.1875,0.444444444,0,0,0,0.8,0.022222222,0.730038023
0,0,1,1,0,0,0.666666667,0.333333333,0,0.333333333,0.333333333,0.333333333,0,0,0,0.5,0.25,0.1875,0.444444444,0,0,0,0.8,0.022222222,0.730038023
0,0,1,1,0,0,0.666666667,0.333333333,0,0.333333333,0.333333333,0.333333333,0,0,0,0.5,0.25,0.1875,0.444444444,0,0,0,0.8,0.022222222,0.730038023
0,0,1,1,0,0,0.666666667,0.333333333,0,0.333333333,0.333333333,0.333333333,0,0,0,0.5,0.25,0.1875,0.444444444,0,0,0,0.8,0.022222222,0.730038023
0,0,1,1,0,0,0.666666667,0.333333333,0,0.333333333,0.333333333,0.333333333,0,0,0,0.5,0.25,0.1875,0.444444444,0,0,0,0.8,0.022222222,0.730038023
0,0,1,1,0,0,0.666666667,0.333333333,0,0.333333333,0.333333333,0.333333333,0,0,0,0.5,0.25,0.1875,0.444444444,0,0,0,0.8,0.022222222,0.730038023
0,0,1,1,0,0,0.666666667,0.333333333,0,0.333333333,0.333333333,0.333333333,0,0,0,0.5,0.25,0.1875,0.444444444,0,0,0,0.8,0.022222222,0.730038023
0,0,1,1,0,0,0.666666667,0.333333333,0,0.333333333,0.333333333,0.333333333,0,0,0,0.5,0.25,0.1875,0.444444444,0,0,0,0.8,0.022222222,0.730038023
0,0,1,1,0,0,0.666666667,0.333333333,0,0.333333333,0.333333333,0.333333333,0,0,0,0.5,0.25,0.1875,0.444444444,0,0,0,0.8,0.022222222,0.730038023
0,0,1,1,0,0,0.666666667,0.333333333,0,0.333333333,0.333333333,0.333333333,0,0,0,0.5,0.25,0.1875,0.444444444,0,0,0,0.8,0.022222222,0.730038023
0,0,1,1,0,0,0.666666667,0.333333333,0,0.333333333,0.333333333,0.333333333,0,0,0,0.5,0.25,0.1875,0.444444444,0,0,0,0.8,0.022222222,0.730038023
0,0,1,1,0,0,0.666666667,0.333333333,0,0.333333333,0.333333333,0.333333333,0,0,0,0.5,0.25,0.1875,0.444444444,0,0,0,0.8,0.022222222,0.730038023
0,0,1,1,0,0,0.666666667,0.333333333,0,0.666666667,0.333333333,0.333333333,0,0,0,0.5,0.75,0.375,0.277777778,0,0,1,0.457142857,0.111111111,0.72243346
0,0,1,0.9,0,0.1,0.666666667,0.333333333,0,0.666666667,0.333333333,0.333333333,0,0,0,0.5,0.75,0.375,0.277777778,0,0,1,0.457142857,0.111111111,0.718631179
0,0,1,0.8,0,0.2,0.666666667,0.333333333,0,0.666666667,0.333333333,0.333333333,0,0,0,0.5,0.75,0.375,0.277777778,0,0,1,0.457142857,0.111111111,0.718631179
0,0,1,0.7,0,0.3,0.666666667,0.333333333,0,0.666666667,0.333333333,0.333333333,0,0,0,0.5,0.75,0.375,0.277777778,0,0,1,0.457142857,0.111111111,0.718631179
0,0,1,1,0,0,0.666666667,0.333333333,0,0.666666667,0.333333333,0.666666667,0,0,0,0.5,0.75,0.625,0.333333333,0,0,0,0.8,0.066666667,0.726235741
0,0,1,1,0,0,0.666666667,0.333333333,0,0.666666667,0.333333333,0.666666667,0,0,0,0.5,0.75,0.625,0.333333333,0,0,0,0.8,0.066666667,0.726235741
0,0,1,1,0,0,0.666666667,0.333333333,0,0.666666667,0.333333333,0.666666667,0,0,0,0.5,0.75,0.625,0.333333333,0,0,0,0.8,0.066666667,0.726235741
0,0,1,1,0,0,0.666666667,0.333333333,0,0.666666667,0.333333333,0.666666667,0,0,0,0.5,0.75,0.625,0.333333333,0,0,0,0.8,0.066666667,0.726235741
0,0,1,1,0,0,0.666666667,0.333333333,0,0.666666667,0.333333333,0.666666667,0,0,0,0.5,0.75,0.625,0.333333333,0,0,0,0.8,0.066666667,0.726235741
0,0,1,1,0,0,0.666666667,0.333333333,0,0.666666667,0.333333333,0.666666667,0,0,0,0.5,0.75,0.625,0.333333333,0,0,0,0.8,0.066666667,0.726235741
0,0,1,1,0,0,0.666666667,0.333333333,0,0.666666667,0.333333333,0.666666667,0,0,0,0.5,0.75,0.625,0.333333333,0,0,0,0.8,0.066666667,0.726235741
0,0,1,1,0,0,0.666666667,0.333333333,0,0.666666667,0.333333333,0.666666667,0,0,0,0.5,0.75,0.625,0.333333333,0,0,0,0.8,0.066666667,0.726235741
0,0,1,1,0,0,0.666666667,0.333333333,0,0.666666667,0.333333333,0.666666667,0,0,0,0.5,0.75,0.625,0.333333333,0,0,0,0.8,0.066666667,0.726235741
0,0,1,1,0,0,0.666666667,0.333333333,0,0.666666667,0.333333333,0.666666667,0,0,0,0.5,0.75,0.625,0.333333333,0,0,0,0.8,0.066666667,0.726235741
0,0,1,1,0,0,0.666666667,0.333333333,0,0.666666667,0.333333333,0.666666667,0,0,0,0.5,0.75,0.625,0.333333333,0,0,0,0.8,0.066666667,0.726235741
0,0,1,1,0,0,0.666666667,0.333333333,0,0.666666667,0.333333333,0.666666667,0,0,0,0.5,0.75,0.625,0.333333333,0,0,0,0.8,0.066666667,0.726235741
0,0,1,1,0,0,0.666666667,0.333333333,0,0.666666667,0.333333333,0.666666667,0,0,0,0.5,0.75,0.625,0.333333333,0,0,0,0.8,0.066666667,0.726235741
0,0,1,1,0,0,0.666666667,0.333333333,0,0.666666667,0.333333333,0.666666667,0,0,0,0.5,0.75,0.625,0.333333333,0,0,0,0.8,0.066666667,0.726235741
0,0,1,1,0,0,0.666666667,0.333333333,0,0.666666667,0.333333333,0.666666667,0,0,0,0.5,0.75,0.625,0.333333333,0,0,0,0.8,0.066666667,0.726235741
0,0,1,1,0,0,0.666666667,0.333333333,0,0.666666667,0.333333333,0.666666667,0,0,0,0.5,0.75,0.625,0.333333333,0,0,0,0.8,0.066666667,0.726235741
0,0,1,1,0,0,0.666666667,0.333333333,0,0.666666667,0.333333333,0.666666667,0,0,0,0.5,0.75,0.625,0.333333333,0,0,0,0.8,0.066666667,0.726235741
0,0,1,1,0,0,0.666666667,0.333333333,0,0.666666667,0.333333333,0.666666667,0,0,0,0.5,0.75,0.625,0.333333333,0,0,0,0.8,0.066666667,0.726235741
0,0,1,1,0,0,0.666666667,0.333333333,0,0.666666667,0.333333333,0.666666667,0,0,0,0.5,0.75,0.625,0.333333333,0,0,0,0.8,0.066666667,0.726235741
0,0,1,1,0,0,0.666666667,0.333333333,0,0.666666667,0.333333333,0.666666667,0,0,0,0.5,0.75,0.625,0.333333333,0,0,0,0.8,0.066666667,0.726235741
0,0,1,1,0,0,0.666666667,0.333333333,0,0.333333333,0.333333333,0.666666667,0,0,0,0.5,0.75,0.625,0.333333333,0,0,0,0.8,0.066666667,0.726235741
0,0,1,1,0,0,0.666666667,0.333333333,0,0.333333333,0.333333333,0.666666667,0,0,0,0.5,0.75,0.625,0.333333333,0,0,0,0.8,0.066666667,0.726235741
0,0,1,1,0,0,0.666666667,0.333333333,0,0.333333333,0.333333333,0.666666667,0,0,0,0.5,0.75,0.625,0.333333333,0,0,0,0.8,0.066666667,0.726235741
0,0,1,1,0,0,0.666666667,0.333333333,0,0.333333333,0.333333333,0.666666667,0,0,0,0.5,0.75,0.625,0.333333333,0,0,0,0.8,0.066666667,0.726235741
0,0,1,1,0,0,0.666666667,0.333333333,0,0.333333333,0.333333333,0.666666667,0,0,0,0.5,0.75,0.625,0.333333333,0,0,0,0.8,0.066666667,0.726235741
0,0,1,1,0,0,0.666666667,0.333333333,0,0.333333333,0.333333333,0.666666667,0,0,0,0.5,0.75,0.625,0.333333333,0,0,0,0.8,0.066666667,0.726235741
0,0,1,1,0,0,0.666666667,0.333333333,0,0.333333333,0.333333333,0.666666667,0,0,0,0.5,0.75,0.625,0.333333333,0,0,0,0.8,0.066666667,0.726235741
0,0,1,1,0,0,0.666666667,0.333333333,0,0.333333333,0.333333333,0.666666667,0,0,0,0.5,0.75,0.625,0.333333333,0,0,0,0.8,0.066666667,0.726235741
0,0,1,1,0,0,0.666666667,0.333333333,0,0.333333333,0.333333333,0.666666667,0,0,0,0.5,0.75,0.625,0.333333333,0,0,0,0.8,0.066666667,0.726235741
0,0,1,1,0,0,0.666666667,0.333333333,0,0.333333333,0.333333333,0.666666667,0,0,0,0.5,0.75,0.625,0.333333333,0,0,0,0.8,0.066666667,0.726235741
0,0,1,1,0,0,0.666666667,0.333333333,0,0.333333333,0.333333333,0.666666667,0,0,0,0.5,0.75,0.625,0.333333333,0,0,0,0.8,0.066666667,0.726235741
0,0,1,1,0,0,0.666666667,0.333333333,0,0.333333333,0.333333333,0.666666667,0,0,0,0.5,0.75,0.625,0.333333333,0,0,0,0.8,0.066666667,0.726235741
0,0,1,1,0,0,0.666666667,0.333333333,0,0.333333333,0.333333333,0.666666667,0,0,0,0.5,0.75,0.625,0.333333333,0,0,0,0.8,0.066666667,0.726235741
0,0,1,1,0,0,0.666666667,0.333333333,0,0.333333333,0.333333333,0.666666667,0,0,0,0.5,0.75,0.625,0.333333333,0,0,0,0.8,0.066666667,0.726235741
0,0,1,1,0,0,0.666666667,0.333333333,0,0.333333333,0.333333333,0.666666667,0,0,0,0.5,0.75,0.625,0.333333333,0,0,0,0.8,0.066666667,0.726235741
0,0,1,1,0,0,0.666666667,0.333333333,0,0.333333333,0.333333333,0.666666667,0,0,0,0.5,0.75,0.625,0.333333333,0,0,0,0.8,0.066666667,0.726235741
0,0,1,1,0,0,0.666666667,0.333333333,0,0.333333333,0.333333333,0.666666667,0,0,0,0.5,0.75,0.625,0.333333333,0,0,0,0.8,0.066666667,0.726235741
0,0,1,1,0,0,0.666666667,0.333333333,0,0.333333333,0.333333333,0.666666667,0,0,0,0.5,0.75,0.625,0.333333333,0,0,0,0.8,0.066666667,0.726235741
0,0,1,1,0,0,0.666666667,0.333333333,0,0.333333333,0.333333333,0.666666667,0,0,0,0.5,0.75,0.625,0.333333333,0,0,0,0.8,0.066666667,0.726235741
0,0,1,1,0,0,0.666666667,0.333333333,0,0.333333333,0.333333333,0.666666667,0,0,0,0.5,0.75,0.625,0.333333333,0,0,0,0.8,0.066666667,0.726235741
0,0,1,1,0,0,0.666666667,0.333333333,0,0.333333333,0.333333333,0.666666667,0,0,0,0.5,0.75,0.625,0.333333333,0,0,0,0.8,0.066666667,0.726235741
0,0,1,1,0,0,0.666666667,0.333333333,0,0.333333333,0.333333333,0.666666667,0,0,0,0.5,0.75,0.625,0.333333333,0,0,0,0.8,0.066666667,0.726235741
0,0,1,1,0,0,0.666666667,0.333333333,0,0.333333333,0.333333333,0.666666667,0,0,0,0.5,0.75,0.625,0.333333333,0,0,0,0.8,0.066666667,0.726235741
0,0,1,1,0,0,0.666666667,0.333333333,0,0.333333333,0.333333333,0.666666667,0,0,0,0.5,0.75,0.625,0.333333333,0,0,0,0.8,0.066666667,0.726235741
0,0,1,1,0,0,0.666666667,0.333333333,0,0.333333333,0.333333333,0.666666667,0,0,0,0.5,0.75,0.625,0.333333333,0,0,0,0.8,0.066666667,0.726235741
0,0,1,1,0,0,0.666666667,0.333333333,0,0.333333333,0.333333333,0.666666667,0,0,0,0.5,0.75,0.625,0.333333333,0,0,0,0.8,0.066666667,0.726235741
0,0,1,1,0,0,0.666666667,0.333333333,0,0.333333333,0.333333333,0.666666667,0,0,0,0.5,0.75,0.625,0.333333333,0,0,0,0.8,0.066666667,0.726235741
0,0,1,1,0,0,0.666666667,0.333333333,0,0.333333333,0.333333333,0.666666667,0,0,0,0.5,0.75,0.625,0.333333333,0,0,0,0.8,0.066666667,0.726235741
0,0,1,1,0,0,0.666666667,0.333333333,0,0.333333333,0.333333333,0.666666667,0,0,0,0.5,0.75,0.625,0.333333333,0,0,0,0.8,0.066666667,0.726235741
0,0,1,1,0,0,0.666666667,0.333333333,0,0.333333333,0.333333333,0.666666667,0,0,0,0.5,0.75,0.625,0.333333333,0,0,0,0.8,0.066666667,0.726235741
0,0,1,1,0,0,0.666666667,0.333333333,0,0.333333333,0.333333333,0.666666667,0,0,0,0.5,0.75,0.625,0.333333333,0,0,0,0.8,0.066666667,0.726235741
0,0,1,1,0,0,0.666666667,0.333333333,0,0.333333333,0.333333333,0.666666667,0,0,0,0.5,0.75,0.625,0.333333333,0,0,0,0.8,0.066666667,0.726235741
0,0,1,1,0,0,0.666666667,0.333333333,0,0.333333333,0.333333333,0.666666667,0,0,0,0.5,0.75,0.625,0.333333333,0,0,0,0.8,0.066666667,0.726235741
0,0,1,1,0,0,0.666666667,0.333333333,0,0.333333333,0.333333333,0.666666667,0,0,0,0.5,0.75,0.625,0.333333333,0,0,0,0.8,0.066666667,0.726235741
0,0,1,1,0,0,0.666666667,0.333333333,0,0.666666667,0.333333333,0.666666667,0,0,0,0.5,0.75,0.625,0.333333333,0,0,0,0.8,0.066666667,0.726235741
0,0,1,1,0,0,0.666666667,0.333333333,0,0.666666667,0.333333333,0.666666667,0,0,0,0.5,0.75,0.625,0.333333333,0,0,0,0.8,0.066666667,0.726235741
0,0,1,1,0,0,0.666666667,0.333333333,0,0.666666667,0.333333333,0.666666667,0,0,0,0.5,0.75,0.625,0.333333333,0,0,0,0.8,0.066666667,0.726235741
0,0,1,0,1,0,1,0,0,0.333333333,1,0.333333333,0,1,1,0.5,0.75,0.3125,0.666666667,0,0,0,0.285714286,0.222222222,0.494296578
0,0,1,0,1,0,1,0,0,0.333333333,1,0.333333333,0,1,1,0.5,0.75,0.3125,0.666666667,0,0,0,0.285714286,0.222222222,0.479087452
0,1,0,0,1,0,1,0,0,0.333333333,1,0.333333333,0,1,1,0.5,0.75,0.3125,0.666666667,0,0,0,0.285714286,0.222222222,0.532319392
0,1,0,0,1,0,1,0,1,1,0.666666667,0.666666667,1,0,1,0.5,0.5,0.625,1,0,0,1,0.2,0.111111111,0.547528517
0,1,0,0,1,0,1,0,1,1,0.666666667,0.666666667,1,0,1,0.5,0.5,0.625,1,0,0,1,0.2,0.111111111,0.547528517
0,1,0,0,1,0,1,0,1,1,0.666666667,0.666666667,1,0,1,0.5,0.5,0.625,1,0,0,1,0.2,0.111111111,0.547528517
0,1,0,0,1,0,1,0,1,1,0.666666667,0.666666667,1,0,1,0.5,0.5,0.625,1,0,0,1,0.2,0.111111111,0.547528517
0,1,0,0,1,0,1,0,1,1,0.666666667,0.666666667,1,0,1,0.5,0.5,0.625,1,0,0,1,0.2,0.111111111,0.547528517
0,1,0,0,1,0,1,0,1,1,0.666666667,0.666666667,1,0,1,0.5,0.5,0.625,1,0,0,1,0.2,0.111111111,0.547528517
0,1,0,0,1,0,1,0,1,1,0.666666667,0.666666667,1,0,1,0.5,0.5,0.625,1,0,0,1,0.2,0.111111111,0.547528517
0,1,0,0,1,0,1,0,1,1,0.666666667,0.666666667,1,0,1,0.5,0.5,0.625,1,0,0,1,0.2,0.111111111,0.547528517
0,1,0,0,1,0,1,0,1,1,0.666666667,0.666666667,1,0,1,0.5,0.5,0.625,1,0,0,1,0.2,0.111111111,0.547528517
0,1,0,0,1,0,1,0,1,1,0.666666667,0.666666667,1,0,1,0.5,0.5,0.625,1,0,0,1,0.2,0.111111111,0.547528517
0,1,0,0,1,0,1,0,1,1,0.666666667,0.666666667,1,0,1,0.5,0.5,0.625,1,0,0,1,0.2,0.111111111,0.547528517
0,1,0,0,1,0,1,0,1,1,0.666666667,0.666666667,1,0,1,0.5,0.5,0.625,1,0,0,1,0.2,0.111111111,0.547528517
0,1,0,0,1,0,1,0,1,1,0.666666667,0.666666667,1,0,1,0.5,0.5,0.625,1,0,0,1,0.2,0.111111111,0.547528517
0,1,0,0,1,0,1,0,1,1,0.666666667,0.666666667,1,0,1,0.5,0.5,0.625,1,0,0,1,0.2,0.111111111,0.547528517
0,1,0,0,1,0,1,0,1,1,0.666666667,0.666666667,1,0,1,0.5,0.5,0.625,1,0,0,1,0.2,0.111111111,0.547528517
0,1,0,0,1,0,1,0,1,1,0.666666667,0.666666667,1,0,1,0.5,0.5,0.625,1,0,0,1,0.2,0.111111111,0.547528517
0,1,0,0,1,0,1,0,1,1,0.666666667,0.666666667,1,0,1,0.5,0.5,0.625,1,0,0,1,0.2,0.111111111,0.547528517
0,1,0,0,1,0,1,0,1,1,0.666666667,0.666666667,1,0,1,0.5,0.5,0.625,1,0,0,1,0.2,0.111111111,0.547528517
0,1,0,0,1,0,1,0,1,1,0.666666667,0.666666667,1,0,1,0.5,0.5,0.625,1,0,0,1,0.2,0.111111111,0.547528517
0,1,0,0,1,0,1,0,1,1,0.666666667,0.666666667,1,0,1,0.5,0.5,0.625,1,0,0,1,0.2,0.111111111,0.547528517
0,1,0,0,1,0,1,0,1,1,0.666666667,0.666666667,1,0,1,0.5,0.5,0.625,1,0,0,1,0.2,0.111111111,0.547528517
0,1,0,0,1,0,1,0,1,1,0.666666667,0.666666667,1,0,1,0.5,0.5,0.625,1,0,0,1,0.2,0.111111111,0.547528517
0,1,0,0,1,0,1,0,1,1,0.666666667,0.666666667,1,0,1,0.5,0.5,0.625,1,0,0,1,0.2,0.111111111,0.547528517
0,1,0,0,1,0,1,0,1,1,0.666666667,0.666666667,1,0,1,0.5,0.5,0.625,1,0,0,1,0.2,0.111111111,0.547528517
0,1,0,1,0,0,1,0,0,0.666666667,0.333333333,0.333333333,0,0,0,0.5,0.75,0.5,0.666666667,0,0,1,0.428571429,0.111111111,0.580988593
0,1,0,1,0,0,1,0,0,0.666666667,0.333333333,0.333333333,0,0,0,0.5,0.75,0.5,0.666666667,0,0,1,0.428571429,0.111111111,0.580988593
0,0.95,0.05,1,0,0,1,0,0,0.666666667,0.333333333,0.333333333,0,0,0,0.5,0.75,0.5,0.666666667,0,0,1,0.428571429,0.111111111,0.583269962
0,0.95,0.05,1,0,0,1,0,0,0.666666667,0.333333333,0.333333333,0,0,0,0.5,0.75,0.5,0.666666667,0,0,1,0.428571429,0.111111111,0.583269962
0,0.9,0.1,1,0,0,1,0,0,0.666666667,0.333333333,0.333333333,0,0,0,0.5,0.75,0.5,0.666666667,0,0,1,0.428571429,0.111111111,0.591634981
0,0.9,0.1,1,0,0,1,0,0,0.666666667,0.333333333,0.333333333,0,0,0,0.5,0.75,0.5,0.666666667,0,0,0,0.428571429,0.111111111,0.591634981
0,0.85,0.15,1,0,0,1,0,0,0.666666667,0.333333333,0.333333333,0,0,0,0.5,0.75,0.5,0.666666667,0,0,1,0.285714286,0.111111111,0.595057034
0,0.85,0.15,1,0,0,1,0,0,0.666666667,0.333333333,0.333333333,0,0,0,0.5,0.75,0.5,0.666666667,0,0,1,0.285714286,0.111111111,0.595057034
0,0.8,0.2,1,0,0,1,0,0,0.666666667,0.333333333,0.333333333,0,0,0,0.5,0.75,0.5,0.666666667,0,0,1,0.285714286,0.111111111,0.598859316
0,0.8,0.2,1,0,0,1,0,0,0.666666667,0.333333333,0.333333333,0,0,0,0.5,0.75,0.5,0.666666667,0,0,1,0.285714286,0.111111111,0.598859316
0,0.75,0.25,1,0,0,1,0,0,0.666666667,0.333333333,0.333333333,0,0,0,0.5,0.75,0.5,0.666666667,0,0,1,0.285714286,0.111111111,0.600380228
0,0.75,0.25,1,0,0,1,0,0,0.666666667,0.333333333,0.333333333,0,0,0,0.5,0.75,0.5,0.666666667,0,0,1,0.285714286,0.111111111,0.600380228
0,0.7,0.3,1,0,0,1,0,0,0.666666667,0.333333333,0.333333333,0,0,0,0.5,0.75,0.5,0.666666667,0,0,1,0.285714286,0.111111111,0.601520913
0,0.7,0.3,1,0,0,1,0,0,0.666666667,0.333333333,0.333333333,0,0,0,0.5,0.75,0.5,0.666666667,0,0,1,0.285714286,0.111111111,0.601520913
0,0.8,0.2,1,0,0,1,0,0,0.666666667,0.333333333,0.333333333,0,1,0,0.5,0.75,0.5,0.666666667,0,0,1,0.285714286,0.111111111,0.598859316
0,0.8,0.2,1,0,0,1,0,0,0.666666667,0.333333333,0.333333333,0,1,0,0.5,0.75,0.5,0.666666667,0,0,1,0.285714286,0.111111111,0.598859316
1,0,0,1,0,0,1,0,0,0.333333333,0.333333333,0.333333333,0,0,0,0.5,0.25,0.625,0.333333333,0,0,0,0.285714286,0.111111111,0.608365019
1,0,0,1,0,0,1,0,0,0.333333333,0.333333333,0.333333333,0,0,0,0.5,0.25,0.625,0.333333333,0,0,0,0,0,0.614068441
1,0,0,1,0,0,1,0,0,0.333333333,0.333333333,0.333333333,0,0,0,0.5,0.25,0.625,0.333333333,0,0,0,0.285714286,0.111111111,0.600760456
0,0,1,1,0,0,0,1,0,0.333333333,0,1,0,0,0,0.5,0.75,0.25,0.333333333,0,0,0,0.714285714,0.055555556,0.878326996
0,0,1,1,0,0,0,1,0,0.333333333,0,1,0,0,0,0.5,0.75,0.25,0.333333333,0,0,0,0.714285714,0.055555556,0.878326996
0,0,1,1,0,0,0,1,0,0.333333333,0,1,0,0,0,0.5,0.75,0.25,0.333333333,0,0,0,0.714285714,0.055555556,0.878326996
0,0,1,1,0,0,0,1,0,0.333333333,0,1,0,0,0,0,0.75,0.25,0.333333333,0,0,0,0.714285714,0.055555556,0.878326996
0,0,1,1,0,0,0,1,0,0.333333333,0,1,0,0,0,0,0.75,0.25,0.333333333,0,0,0,0.714285714,0.055555556,0.878326996
0,0,1,1,0,0,0,1,0,0.333333333,0,1,0,0,0,0,0.75,0.25,0.333333333,0,0,0,0.714285714,0.055555556,0.878326996
0,0,1,1,0,0,0,1,0,0.333333333,0,1,0,0,0,0,0.75,0.25,0.333333333,0,0,0,0.714285714,0.055555556,0.878326996
0,0,1,1,0,0,0,1,0,0.333333333,0,1,0,0,0,0.5,0.75,0.25,0.333333333,0,0,0,0.714285714,0.055555556,0.878326996
0,0,1,1,0,0,0,1,0,0.333333333,0,1,0,0,0,0.5,0.75,0.25,0.333333333,0,0,0,0.714285714,0.055555556,0.878326996
0,0,1,1,0,0,0,1,0,0.333333333,0,1,0,0,0,0.5,0.75,0.25,0.333333333,0,0,0,0.714285714,0.055555556,0.878326996
0,0,1,1,0,0,0,1,0,0.333333333,0,1,0,0,0,0.5,0.75,0.25,0.333333333,0,0,0,0.714285714,0.055555556,0.878326996
1,0,0,0.75,0.25,0,1,0,0,1,0.666666667,0.666666667,0,0,0,1,0.75,0.625,0.333333333,0.666666667,0.5,0,0.342857143,0.222222222,0.448669202
1,0,0,0.75,0.25,0,1,0,0,1,0.666666667,0.666666667,0,0,0,1,0.75,0.625,0.333333333,0.666666667,0.5,0,0.342857143,0.222222222,0.448669202
1,0,0,0.75,0.25,0,1,0,0,1,0.666666667,0.666666667,0,0,0,1,0.75,0.625,0.333333333,0.666666667,0.5,0,0.342857143,0.222222222,0.448669202
1,0,0,0.75,0.25,0,1,0,0,1,0.666666667,0.666666667,0,0,0,1,0.75,0.625,0.333333333,0.666666667,0.5,0,0.342857143,0.222222222,0.448669202
1,0,0,1,0,0,1,0,0,1,0.666666667,0.666666667,0,0,0,1,0.75,0.625,0.333333333,0.666666667,0.5,0,0.4,0.222222222,0.593155894
1,0,0,1,0,0,1,0,0,1,0.666666667,0.666666667,0,0,0,1,0.75,0.625,0.333333333,0.666666667,0.5,0,0.4,0.222222222,0.593155894
1,0,0,1,0,0,1,0,0,1,0.666666667,0.666666667,0,0,0,1,0.75,0.625,0.333333333,0.666666667,0.5,0,0.4,0.222222222,0.593155894
1,0,0,1,0,0,1,0,0,1,0.666666667,0.666666667,0,0,0,1,0.75,0.625,0.333333333,0.666666667,0.5,0,0.4,0.222222222,0.593155894
1,0,0,1,0,0,1,0,1,1,0.666666667,0.666666667,1,0,0,1,1,0.125,0.166666667,0.666666667,0.75,1,0.285714286,0.111111111,0.6121673
1,0,0,0.75,0.25,0,1,0,1,1,0.666666667,0.666666667,1,0,0,1,1,0.125,0.166666667,0.666666667,0.75,1,0.285714286,0.111111111,0.524714829
1,0,0,0.5,0.5,0,1,0,1,1,0.666666667,0.666666667,1,0,0,1,1,0.125,0.166666667,0.666666667,0.75,1,0.285714286,0.111111111,0.494296578
1,0,0,0.25,0.75,0,1,0,1,1,0.666666667,0.666666667,1,0,0,1,1,0.125,0.166666667,0.666666667,0.75,1,0.285714286,0.111111111,0.482889734
1,0,0,0,1,0,1,0,1,1,0.666666667,0.666666667,1,0,0,1,1,0.125,0.166666667,0.666666667,0.75,0,0.285714286,0.111111111,0.513307985
0.75,0.25,0,0.75,0.25,0,1,0,1,1,0.666666667,0.666666667,1,0,0,1,1,0.125,0.166666667,0.666666667,0.75,1,0.285714286,0.111111111,0.509505703
0.5,0.5,0,0.75,0.25,0,1,0,1,1,0.666666667,0.666666667,1,0,0,1,1,0.125,0.166666667,0.666666667,0.75,1,0.285714286,0.111111111,0.505703422
0.25,0.75,0,0.75,0.25,0,1,0,1,1,0.666666667,0.666666667,1,0,0,1,1,0.125,0.166666667,0.666666667,0.75,1,0.285714286,0.111111111,0.505703422
0,1,0,0.75,0.25,0,1,0,1,1,0.666666667,0.666666667,1,0,0,1,1,0.125,0.166666667,0.666666667,0.75,1,0.285714286,0.111111111,0.498098859
0.9,0,0.1,1,0,0,1,0,1,1,0.666666667,0.666666667,0,1,1,1,1,0.125,0.166666667,0.666666667,0.666666667,1,0.285714286,0.111111111,0.6121673
0.9,0,0.1,0.75,0.25,0,1,0,1,1,0.666666667,0.666666667,0,1,1,1,1,0.125,0.166666667,0.666666667,0.666666667,1,0.285714286,0.111111111,0.52851711
0.9,0,0.1,0.5,0.5,0,1,0,1,1,0.666666667,0.666666667,0,1,1,1,1,0.125,0.166666667,0.666666667,0.666666667,1,0.285714286,0.111111111,0.486692015
0.9,0,0.1,0.25,0.75,0,1,0,1,1,0.666666667,0.666666667,0,1,1,1,1,0.125,0.166666667,0.666666667,0.666666667,1,0.285714286,0.111111111,0.479087452
0.9,0,0.1,0,1,0,1,0,1,1,0.666666667,0.666666667,0,1,1,1,1,0.125,0.166666667,0.666666667,0.666666667,1,0.285714286,0.111111111,0.536121673
1,0,0,0,1,0,1,0,1,1,0.666666667,0.666666667,0,0,0,1,1,0.125,0.166666667,0.666666667,0.666666667,1,0.285714286,0.111111111,0.501901141
0.8,0,0.2,0.5,0.5,0,1,0,1,1,0.666666667,0.666666667,0,1,1,1,1,0.125,0.166666667,0.666666667,0.666666667,1,0.285714286,0.111111111,0.501901141
0.7,0,0.3,0.5,0.5,0,1,0,1,1,0.666666667,0.666666667,0,1,1,1,1,0.125,0.166666667,0.666666667,0.666666667,1,0.285714286,0.111111111,0.501901141
0,0,1,1,0,0,0.666666667,0.333333333,0,1,1,0.666666667,0,0,0,1,0.75,0.125,0.055555556,0.5,0.5,0,0.457142857,0.055555556,0.714828897
0,0,1,1,0,0,0.666666667,0.333333333,0,1,1,0.666666667,1,1,0,1,0.75,0.125,0.055555556,0.5,0.5,0,0.457142857,0.055555556,0.714828897
0,0,1,1,0,0,0.666666667,0.333333333,0,1,1,0.666666667,0,0,0,1,0.75,0.125,0.055555556,0.5,0.5,0,0.457142857,0.055555556,0.714828897
0,0,1,1,0,0,0.666666667,0.333333333,0,1,1,0.666666667,1,1,0,1,0.75,0.125,0.055555556,0.5,0.5,0,0.457142857,0.055555556,0.714828897
0,0,1,1,0,0,0.666666667,0.333333333,0,1,1,0.666666667,1,1,0,1,0.75,0.125,0.055555556,0.5,0.5,0,0.457142857,0.055555556,0.714828897
0,0,1,1,0,0,0.666666667,0.333333333,0,1,1,0.666666667,1,1,0,1,0.75,0.125,0.055555556,0.5,0.5,0,0.457142857,0.055555556,0.714828897
1,0,0,1,0,0,1,0,0,0.666666667,0.333333333,0.333333333,0,0,0,0.5,0.25,0.25,0.166666667,0,0,0,0.2,0.333333333,0.570342205
1,0,0,1,0,0,1,0,0,0.666666667,0.333333333,0.333333333,0,0,0,0.5,0.25,0.25,0.166666667,0,0,0,0.2,0.333333333,0.570342205
1,0,0,1,0,0,1,0,0,0.666666667,0.333333333,0.333333333,0,0,0,0.5,0.25,0.25,0.166666667,0,0,0,0.2,0.333333333,0.570342205
1,0,0,1,0,0,1,0,0,1,0.666666667,0.666666667,1,0,0,1,0.75,0.625,0.333333333,0.833333333,0.5,0,0.4,0.222222222,0.570342205
1,0,0,0.75,0.25,0,1,0,0,1,0.666666667,0.666666667,1,0,0,1,0.75,0.625,0.333333333,0.833333333,0.5,0,0.342857143,0.222222222,0.463878327
1,0,0,0.5,0.5,0,1,0,1,1,0.666666667,0.666666667,0,0,0,1,0.25,0.75,0.666666667,0.416666667,0.5,0,0.314285714,0.5,0.448669202
1,0,0,0.5,0.5,0,1,0,1,1,0.666666667,0.666666667,0,0,0,1,0.25,0.75,0.666666667,0.416666667,0.5,0,0.314285714,0.5,0.448669202
1,0,0,0.5,0.5,0,1,0,1,1,0.666666667,0.666666667,0,0,0,1,0.25,0.75,0.666666667,0.416666667,0.5,0,0.314285714,0.5,0.448669202
1,0,0,1,0,0,1,0,0,0.333333333,1,0.333333333,0,0,0,0.5,0.25,0.75,0.666666667,0,0,0,0.2,0.333333333,0.570342205
1,0,0,1,0,0,1,0,0,0.333333333,1,0.333333333,0,0,0,0.5,0.25,0.75,0.666666667,0,0,0,0.2,0.333333333,0.570342205
1,0,0,1,0,0,1,0,0,0.333333333,1,0.333333333,0,0,0,0.5,0.25,0.75,0.666666667,0,0,0,0.2,0.333333333,0.570342205
1,0,0,1,0,0,1,0,0,0.333333333,0.333333333,0.333333333,0,0,0,0.5,0.25,0.75,0.666666667,0,0,0,0.2,0.333333333,0.570342205
1,0,0,1,0,0,1,0,0,0.333333333,0.333333333,1,0,0,0,0.5,0.25,0.8125,0.333333333,0,0,0,0.285714286,0.111111111,0.589353612
1,0,0,1,0,0,1,0,0,0.333333333,0.333333333,1,0,0,0,0.5,0.25,0.8125,0.333333333,0,0,0,0.285714286,0.111111111,0.589353612
1,0,0,1,0,0,1,0,0,0.333333333,0.333333333,1,0,0,0,0.5,0.25,0.8125,0.333333333,0,0,0,0.285714286,0.111111111,0.589353612
1,0,0,1,0,0,1,0,0,0.333333333,0.333333333,1,0,0,0,0.5,0.25,0.8125,0.333333333,0,0,0,0.285714286,0.111111111,0.589353612
1,0,0,1,0,0,1,0,0,0.333333333,0.333333333,1,0,0,0,0.5,0.25,0.8125,0.333333333,0,0,0,0.285714286,0.111111111,0.589353612
0,0,1,1,0,0,0.666666667,0.333333333,0,0.333333333,0.333333333,0.333333333,1,0,0,1,0.75,0.125,0.111111111,0.666666667,0.666666667,0,0.342857143,0.111111111,0.72243346
0,0,1,1,0,0,0.666666667,0.333333333,0,0.333333333,0.333333333,0.333333333,0,0,0,1,0.75,0.125,0.111111111,0.666666667,0.666666667,0,0.371428571,0.111111111,0.72243346
0,0,1,1,0,0,0.666666667,0.333333333,0,0.333333333,0.333333333,0.333333333,1,0,0,1,0.75,0.125,0.111111111,0.666666667,0.666666667,0,0.285714286,0.111111111,0.72243346
0,0,1,1,0,0,0.666666667,0.333333333,0,0.333333333,0.333333333,0.333333333,1,0,0,1,0.75,0.125,0.111111111,0.666666667,0.666666667,0,0.314285714,0.111111111,0.72243346
0,0,1,1,0,0,0.666666667,0.333333333,0,0.333333333,0.333333333,0.333333333,1,0,0,1,0.75,0.125,0.111111111,0.666666667,0.666666667,0,0.342857143,0.111111111,0.72243346
0,0,1,1,0,0,0.666666667,0.333333333,0,0.333333333,0.333333333,0.333333333,1,0,0,1,0.75,0.125,0.111111111,0.666666667,0.666666667,0,0.371428571,0.111111111,0.72243346
0,0,1,1,0,0,0.666666667,0.333333333,0,0.333333333,0.333333333,0.333333333,1,0,0,1,0.75,0.125,0.111111111,0.666666667,0.666666667,0,0.4,0.111111111,0.72243346
0,0,1,1,0,0,0.666666667,0.333333333,0,0.333333333,0.333333333,0.333333333,1,0,0,1,0.75,0.125,0.111111111,0.666666667,0.666666667,0,0.371428571,0.111111111,0.72243346
0,0,1,1,0,0,0.666666667,0.333333333,0,0.333333333,0.333333333,0.333333333,1,0,0,1,0.75,0.125,0.111111111,0.666666667,0.666666667,0,0.371428571,0.111111111,0.72243346
0,0,1,1,0,0,0.666666667,0.333333333,0,0.333333333,0.333333333,0.333333333,1,0,0,1,0.75,0.125,0.111111111,0.666666667,0.666666667,0,0.371428571,0.111111111,0.72243346
0,0,1,1,0,0,0.666666667,0.333333333,0,0.333333333,0.333333333,0.333333333,1,0,0,1,0.75,0.125,0.111111111,0.666666667,0.666666667,0,0.342857143,0.111111111,0.72243346
0,0,1,1,0,0,0.666666667,0.333333333,0,0.333333333,0.333333333,0.333333333,1,0,0,1,0.75,0.125,0.111111111,0.666666667,0.666666667,0,0.342857143,0.111111111,0.72243346
0,1,0,0,1,0,1,0,1,1,1,0.666666667,0,0,0,1,0.75,0.25,0.055555556,0.833333333,0.5,0,0.2,0.111111111,0.52851711
0,1,0,0,1,0,1,0,1,1,1,0.666666667,0,1,0,1,0.75,0.25,0.055555556,0.833333333,0.5,0,0.2,0.111111111,0.52851711
0,1,0,0,1,0,1,0,1,1,1,0.666666667,0,1,0,1,0.75,0.25,0.055555556,0.833333333,0.5,0,0.2,0.111111111,0.52851711
0,1,0,0,1,0,1,0,1,1,1,0.666666667,0,1,0,1,0.75,0.25,0.055555556,0.833333333,0.5,0,0.2,0.111111111,0.52851711
0,0,1,1,0,0,0.666666667,0.333333333,0,0.333333333,0.333333333,0.333333333,0,0,0,1,0.75,0.125,0.111111111,0.666666667,0.75,1,0.571428571,0.111111111,0.72243346
0,0,1,1,0,0,0.666666667,0.333333333,0,0.333333333,0.333333333,0.333333333,0,0,0,1,0.75,0.125,0.111111111,0.666666667,0.75,1,0.571428571,0.111111111,0.72243346
0,0,1,1,0,0,0.666666667,0.333333333,0,0.333333333,0.333333333,0.333333333,1,0,0,1,0.75,0.125,0.111111111,0.666666667,0.75,1,0.571428571,0.111111111,0.72243346
0,0,1,1,0,0,0.666666667,0.333333333,0,0.333333333,0.333333333,0.333333333,1,0,0,1,0.75,0.125,0.111111111,0.666666667,0.75,1,0.571428571,0.111111111,0.72243346
0,0,1,1,0,0,0.666666667,0.333333333,0,0.333333333,0.333333333,0.333333333,1,0,0,1,0.75,0.125,0.111111111,0.666666667,0.75,1,0.571428571,0.111111111,0.72243346
0,0,1,1,0,0,0.666666667,0.333333333,0,0.333333333,0.333333333,0.333333333,1,0,0,1,0.75,0.125,0.111111111,0.666666667,0.75,1,0.571428571,0.111111111,0.72243346
0,0,1,0,1,0,1,0,0,0.333333333,0.333333333,0.333333333,0,0,0,0.5,1,0.1875,0.333333333,0,0,0,0.285714286,0.222222222,0.661596958
0,0,1,0,0.6,0.4,1,0,0,0.333333333,0.333333333,0.333333333,0,0,0,0.5,1,0.1875,0.333333333,0,0,0,0.285714286,0.222222222,0.600760456
0,1,0,0,1,0,1,0,1,1,0.666666667,0.666666667,0,0,0,0.5,0.75,0.625,0.333333333,0,0,0,0.271428571,0.166666667,0.532319392
0,1,0,0,1,0,1,0,1,1,0.666666667,0.666666667,0,0,0,0.5,0.75,0.625,0.333333333,0,0,0,0.271428571,0.166666667,0.532319392
0,1,0,0,1,0,1,0,1,1,0.666666667,0.666666667,0,0,0,0.5,0.75,0.625,0.333333333,0,0,0,0.271428571,0.166666667,0.532319392
0,1,0,0,1,0,1,0,1,1,0.666666667,0.666666667,0,0,0,0.5,0.75,0.625,0.333333333,0,0,0,0.271428571,0.166666667,0.532319392
0,1,0,0,1,0,1,0,1,1,0.666666667,0.666666667,0,0,0,0.5,0.75,0.625,0.333333333,0,0,0,0.271428571,0.166666667,0.532319392
0,1,0,0,1,0,1,0,1,1,0.666666667,0.666666667,0,0,0,0.5,0.75,0.625,0.333333333,0,0,0,0.271428571,0.166666667,0.532319392
0,1,0,0,1,0,1,0,1,1,0.666666667,0.666666667,0,0,0,0.5,0.75,0.625,0.333333333,0,0,0,0.271428571,0.166666667,0.532319392
0,1,0,0,1,0,1,0,1,1,0.666666667,0.666666667,0,0,0,0.5,0.75,0.625,0.333333333,0,0,0,0.271428571,0.166666667,0.532319392
0,1,0,0,1,0,1,0,1,1,0.666666667,0.666666667,0,0,0,0.5,0.75,0.625,0.333333333,0,0,0,0.271428571,0.166666667,0.532319392
0,1,0,0,1,0,1,0,1,1,0.666666667,0.666666667,0,0,0,0.5,0.75,0.625,0.333333333,0,0,0,0.271428571,0.166666667,0.532319392
0,1,0,0,1,0,1,0,1,1,0.666666667,0.666666667,0,0,0,0.5,0.75,0.625,0.333333333,0,0,0,0.271428571,0.166666667,0.532319392
0,1,0,0,1,0,1,0,1,1,0.666666667,0.666666667,0,0,0,0.5,0.75,0.625,0.333333333,0,0,0,0.271428571,0.166666667,0.532319392
0,1,0,0,1,0,1,0,1,1,0.666666667,0.666666667,0,0,0,0.5,0.75,0.625,0.333333333,0,0,0,0.271428571,0.166666667,0.532319392
0,1,0,0,1,0,1,0,1,1,0.666666667,0.666666667,0,0,0,0.5,0.75,0.625,0.333333333,0,0,0,0.271428571,0.166666667,0.532319392
0,1,0,0,1,0,1,0,1,1,0.666666667,0.666666667,0,0,0,0.5,0.75,0.625,0.333333333,0,0,0,0.271428571,0.166666667,0.532319392
0,1,0,0,1,0,1,0,1,1,0.666666667,0.666666667,0,0,0,0.5,0.75,0.625,0.333333333,0,0,0,0.271428571,0.166666667,0.532319392
0,1,0,0,1,0,1,0,1,1,0.666666667,0.666666667,0,0,0,0.5,0.75,0.625,0.333333333,0,0,0,0.271428571,0.166666667,0.532319392
0,1,0,0,1,0,1,0,1,1,0.666666667,0.666666667,0,0,0,0.5,0.75,0.625,0.333333333,0,0,0,0.271428571,0.166666667,0.532319392
0,1,0,0,1,0,1,0,1,1,0.666666667,0.666666667,0,0,0,0.5,0.75,0.625,0.333333333,0,0,0,0.271428571,0.166666667,0.532319392
0,1,0,0,1,0,1,0,1,1,0.666666667,0.666666667,0,0,0,0.5,0.75,0.625,0.333333333,0,0,0,0.271428571,0.166666667,0.532319392
0,1,0,0,1,0,1,0,1,1,0.666666667,0.666666667,0,0,0,0.5,0.75,0.625,0.333333333,0,0,0,0.271428571,0.166666667,0.532319392
0,1,0,0,1,0,1,0,1,1,0.666666667,0.666666667,0,0,0,0.5,0.75,0.625,0.333333333,0,0,0,0.271428571,0.166666667,0.532319392
0,1,0,0,1,0,1,0,1,1,0.666666667,0.666666667,0,0,0,0.5,0.75,0.625,0.333333333,0,0,0,0.271428571,0.166666667,0.532319392
0,1,0,0,1,0,1,0,1,1,0.666666667,0.666666667,0,0,0,0.5,0.75,0.625,0.333333333,0,0,0,0.271428571,0.166666667,0.532319392
0,1,0,0,1,0,1,0,1,1,0.666666667,0.666666667,0,0,0,0.5,0.75,0.625,0.333333333,0,0,0,0.271428571,0.166666667,0.532319392
0,1,0,0,1,0,1,0,1,1,0.666666667,0.666666667,0,0,0,0.5,0.75,0.625,0.333333333,0,0,0,0.271428571,0.166666667,0.532319392
0,1,0,0,1,0,1,0,1,1,0.666666667,0.666666667,0,0,0,0.5,0.75,0.625,0.333333333,0,0,0,0.271428571,0.166666667,0.532319392
0,1,0,0,1,0,1,0,1,1,0.666666667,0.666666667,0,0,0,0.5,0.75,0.625,0.333333333,0,0,0,0.271428571,0.166666667,0.532319392
0,1,0,0,1,0,1,0,1,1,0.666666667,0.666666667,0,0,0,0.5,0.75,0.625,0.333333333,0,0,0,0.271428571,0.166666667,0.532319392
0,1,0,0,1,0,1,0,1,1,0.666666667,0.666666667,0,0,0,0.5,0.75,0.625,0.333333333,0,0,0,0.271428571,0.166666667,0.532319392
0,1,0,0,1,0,1,0,1,1,0.666666667,0.666666667,0,0,0,0.5,0.75,0.625,0.333333333,0,0,0,0.271428571,0.166666667,0.532319392
0,1,0,0,1,0,1,0,1,1,0.666666667,0.666666667,0,0,0,0.5,0.75,0.625,0.333333333,0,0,0,0.271428571,0.166666667,0.532319392
0,1,0,0,1,0,1,0,1,1,0.666666667,0.666666667,0,0,0,0.5,0.75,0.625,0.333333333,0,0,0,0.271428571,0.166666667,0.532319392
0,1,0,0,1,0,1,0,1,1,0.666666667,0.666666667,0,0,0,0.5,0.75,0.625,0.333333333,0,0,0,0.271428571,0.166666667,0.532319392
0,1,0,0,1,0,1,0,1,1,0.666666667,0.666666667,0,0,0,0.5,0.75,0.625,0.333333333,0,0,0,0.271428571,0.166666667,0.532319392
0,1,0,0,1,0,1,0,1,1,0.666666667,0.666666667,0,0,0,0.5,0.75,0.625,0.333333333,0,0,0,0.271428571,0.166666667,0.532319392
0,1,0,0,1,0,1,0,1,1,0.666666667,0.666666667,0,0,0,0.5,0.75,0.625,0.333333333,0,0,0,0.271428571,0.166666667,0.532319392
0,1,0,0,1,0,1,0,1,1,0.666666667,0.666666667,0,0,0,0.5,0.75,0.625,0.333333333,0,0,0,0.271428571,0.166666667,0.532319392
0,1,0,0,1,0,1,0,1,1,0.666666667,0.666666667,0,0,0,0.5,0.75,0.625,0.333333333,0,0,0,0.271428571,0.166666667,0.532319392
0,1,0,0,1,0,1,0,1,1,0.666666667,0.666666667,0,0,0,0.5,0.75,0.625,0.333333333,0,0,0,0.271428571,0.166666667,0.532319392
0,1,0,0,1,0,1,0,1,1,0.666666667,0.666666667,0,0,0,0.5,0.75,0.625,0.333333333,0,0,0,0.271428571,0.166666667,0.532319392
0,1,0,0,1,0,1,0,1,1,0.666666667,0.666666667,0,0,0,0.5,0.75,0.625,0.333333333,0,0,0,0.271428571,0.166666667,0.532319392
0,1,0,0,1,0,1,0,1,1,0.666666667,0.666666667,0,0,0,0.5,0.75,0.625,0.333333333,0,0,0,0.271428571,0.166666667,0.532319392
0,1,0,0,1,0,1,0,1,1,0.666666667,0.666666667,0,0,0,0.5,0.75,0.625,0.333333333,0,0,0,0.271428571,0.166666667,0.532319392
0,1,0,0,1,0,1,0,1,1,0.666666667,0.666666667,0,0,0,0.5,0.75,0.625,0.333333333,0,0,0,0.271428571,0.166666667,0.532319392
0,1,0,0,1,0,1,0,1,1,0.666666667,0.666666667,0,0,0,0.5,0.75,0.625,0.333333333,0,0,0,0.271428571,0.166666667,0.532319392
0,1,0,0,1,0,1,0,1,1,0.666666667,0.666666667,0,0,0,0.5,0.75,0.625,0.333333333,0,0,0,0.271428571,0.166666667,0.532319392
0,1,0,0,1,0,1,0,1,1,0.666666667,0.666666667,0,0,0,0.5,0.75,0.625,0.333333333,0,0,0,0.271428571,0.166666667,0.532319392
0,1,0,0,1,0,1,0,1,1,0.666666667,0.666666667,0,0,0,0.5,0.75,0.625,0.333333333,0,0,0,0.271428571,0.166666667,0.532319392
0.15,0.8,0.05,1,0,0,1,0,0,0.333333333,0,1,0,0,0,1,0.75,0.125,0.111111111,0.666666667,0.5,1,0.285714286,0.333333333,0.593155894
0.15,0.8,0.05,1,0,0,1,0,0,0.333333333,0,1,1,0,0,1,0.75,0.125,0.111111111,0.666666667,0.5,1,0.285714286,0.333333333,0.593155894
0.15,0.8,0.05,1,0,0,1,0,0,0.333333333,0,1,1,0,0,1,0.75,0.125,0.111111111,0.666666667,0.5,1,0.285714286,0.333333333,0.593155894
0.15,0.8,0.05,1,0,0,1,0,0,0.333333333,0,1,1,0,0,1,0.75,0.125,0.111111111,0.666666667,0.5,1,0.285714286,0.333333333,0.593155894
0.1615,0.7885,0.05,1,0,0,0.83,0.17,0,0.666666667,1,0.666666667,0,0,0,1,0.75,0.075,0.066666667,0.666666667,0.666666667,1,0.428571429,0.111111111,0.589353612
0.1615,0.7885,0.05,1,0,0,0.83,0.17,0,0.666666667,1,0.666666667,1,0,0,1,0.75,0.075,0.066666667,0.666666667,0.666666667,1,0.428571429,0.111111111,0.562737643
0.1615,0.7885,0.05,1,0,0,0.83,0.17,0,0.666666667,1,0.666666667,1,0,0,1,0.75,0.075,0.066666667,0.666666667,0.666666667,1,0.428571429,0.111111111,0.562737643
0.1615,0.7885,0.05,1,0,0,0.83,0.17,0,0.666666667,1,0.666666667,1,0,0,1,0.75,0.075,0.066666667,0.666666667,0.666666667,1,0.428571429,0.111111111,0.562737643
0.08,0.92,0,1,0,0,1,0,0,0.666666667,1,0.333333333,0,0,0,1,0.75,0.375,0.333333333,0.416666667,0.5,0,0.428571429,0.166666667,0.581749049
0.08,0.92,0,1,0,0,1,0,0,0.666666667,1,0.333333333,0,0,0,1,0.75,0.375,0.333333333,0.416666667,0.5,0,0.428571429,0.166666667,0.581749049
0.08,0.92,0,1,0,0,1,0,0,0.666666667,1,0.333333333,0,0,0,1,0.75,0.375,0.333333333,0.416666667,0.5,0,0.428571429,0.166666667,0.581749049
0.08,0.92,0,1,0,0,1,0,0,0.666666667,1,0.333333333,0,0,0,1,0.75,0.375,0.333333333,0.416666667,0.5,0,0.428571429,0.166666667,0.581749049
0.05,0.9,0.05,1,0,0,0.9,0.1,0,0.333333333,1,0.666666667,0,0,0,1,0.75,0.125,0.111111111,0.666666667,0.333333333,0,0.285714286,0.666666667,0.600760456
0.05,0.9,0.05,1,0,0,0.9,0.1,0,0.333333333,1,0.666666667,0,0,0,1,0.75,0.125,0.111111111,0.666666667,0.333333333,1,0.285714286,0.666666667,0.603041825
0.02,0.98,0.05,1,0,0,1,0,0,1,0,1,0,0,1,1,0.75,0.25,0.277777778,0.833333333,0.5,1,0.314285714,0.222222222,0.589353612
0.02,0.98,0.05,1,0,0,1,0,0,1,0,1,0,0,1,1,0.75,0.25,0.277777778,0.833333333,0.5,1,0.314285714,0.222222222,0.589353612
0.02,0.98,0.05,1,0,0,1,0,0,1,0,1,0,0,1,1,0.75,0.25,0.277777778,0.833333333,0.5,1,0.314285714,0.222222222,0.589353612
0.02,0.98,0.05,1,0,0,1,0,0,1,0,1,0,0,1,1,0.75,0.25,0.277777778,0.833333333,0.5,1,0.314285714,0.222222222,0.589353612
0.14,0.8,0.06,1,0,0,1,0,1,1,0,0.666666667,1,0,1,1,0.75,0.125,0.111111111,0.833333333,0.5,1,0.285714286,0.333333333,0.589353612
0.14,0.8,0.06,1,0,0,1,0,1,1,0,0.666666667,1,0,1,1,0.75,0.125,0.111111111,0.833333333,0.5,1,0.285714286,0.333333333,0.589353612
0.14,0.8,0.06,1,0,0,1,0,1,1,0,0.666666667,1,0,1,1,0.75,0.125,0.111111111,0.833333333,0.5,1,0.285714286,0.333333333,0.589353612
0.14,0.8,0.06,1,0,0,1,0,1,1,0,0.666666667,1,0,1,1,0.75,0.125,0.111111111,0.833333333,0.5,1,0.285714286,0.333333333,0.589353612
0.14,0.8,0.06,1,0,0,1,0,1,1,0,0.666666667,1,0,1,1,0.75,0.125,0.111111111,0.833333333,0.5,1,0.285714286,0.333333333,0.589353612
0.14,0.8,0.06,1,0,0,1,0,1,1,0,0.666666667,1,0,1,1,0.75,0.125,0.111111111,0.833333333,0.5,1,0.285714286,0.333333333,0.589353612
0.14,0.8,0.06,1,0,0,1,0,1,1,0,0.666666667,1,0,1,1,0.75,0.125,0.111111111,0.833333333,0.5,1,0.285714286,0.333333333,0.589353612
0.14,0.8,0.06,1,0,0,1,0,1,1,0,0.666666667,1,0,1,1,0.75,0.125,0.111111111,0.833333333,0.5,1,0.285714286,0.333333333,0.589353612
0.14,0.8,0.06,1,0,0,1,0,1,1,0,0.666666667,1,0,1,1,0.75,0.125,0.111111111,0.833333333,0.5,1,0.285714286,0.333333333,0.589353612
0.14,0.8,0.06,1,0,0,1,0,1,1,0,0.666666667,1,0,1,1,0.75,0.125,0.111111111,0.833333333,0.5,1,0.285714286,0.333333333,0.589353612
0.14,0.8,0.06,1,0,0,1,0,1,1,0,0.666666667,1,0,1,1,0.75,0.125,0.111111111,0.833333333,0.5,1,0.285714286,0.333333333,0.589353612
0.14,0.8,0.06,1,0,0,1,0,1,1,0,0.666666667,1,0,1,1,0.75,0.125,0.111111111,0.833333333,0.5,1,0.285714286,0.333333333,0.589353612
0.14,0.8,0.06,1,0,0,1,0,1,1,0,0.666666667,1,0,1,1,0.75,0.125,0.111111111,0.833333333,0.5,1,0.285714286,0.333333333,0.589353612
0.14,0.8,0.06,1,0,0,1,0,1,1,0,0.666666667,1,0,1,1,0.75,0.125,0.111111111,0.833333333,0.5,1,0.285714286,0.333333333,0.589353612
0.14,0.8,0.06,1,0,0,1,0,1,1,0,0.666666667,1,0,1,1,0.75,0.125,0.111111111,0.833333333,0.5,1,0.285714286,0.333333333,0.589353612
0.14,0.8,0.06,1,0,0,1,0,1,1,0,0.666666667,1,0,1,1,0.75,0.125,0.111111111,0.833333333,0.5,1,0.285714286,0.333333333,0.589353612
0.14,0.8,0.06,1,0,0,1,0,1,1,0,0.666666667,1,0,1,1,0.75,0.125,0.111111111,0.833333333,0.5,1,0.285714286,0.333333333,0.589353612
0.14,0.8,0.06,1,0,0,1,0,1,1,0,0.666666667,1,0,1,1,0.75,0.125,0.111111111,0.833333333,0.5,1,0.285714286,0.333333333,0.589353612
0.14,0.8,0.06,1,0,0,1,0,1,1,0,0.666666667,1,0,1,1,0.75,0.125,0.111111111,0.833333333,0.5,1,0.285714286,0.333333333,0.589353612
0.14,0.8,0.06,1,0,0,1,0,1,1,0,0.666666667,1,0,1,1,0.75,0.125,0.111111111,0.833333333,0.5,1,0.285714286,0.333333333,0.589353612
0,0.8,0.2,1,0,0,0.6,0.4,1,1,0,0.666666667,1,0,1,0.5,0.75,0.625,0.333333333,0,0,1,0.285714286,0.111111111,0.676806084
0,0.8,0.2,1,0,0,0.6,0.4,1,1,0,0.666666667,1,0,1,0.5,0.75,0.625,0.333333333,0,0,1,0.285714286,0.111111111,0.676806084
0,0.8,0.2,1,0,0,0.6,0.4,1,1,0,0.666666667,1,0,1,0.5,0.75,0.625,0.333333333,0,0,1,0.285714286,0.111111111,0.676806084
0,0.8,0.2,1,0,0,0.6,0.4,1,1,0,0.666666667,1,0,1,0.5,0.75,0.625,0.333333333,0,0,1,0.285714286,0.111111111,0.676806084
0,0.8,0.2,1,0,0,0.6,0.4,1,1,0,0.666666667,1,0,1,0.5,0.75,0.625,0.333333333,0,0,1,0.285714286,0.111111111,0.676806084
0,0.8,0.2,1,0,0,0.6,0.4,1,1,0,0.666666667,1,0,1,0.5,0.75,0.625,0.333333333,0,0,1,0.285714286,0.111111111,0.676806084
0,0.8,0.2,1,0,0,0.6,0.4,1,1,0,0.666666667,1,0,1,0.5,0.75,0.625,0.333333333,0,0,1,0.285714286,0.111111111,0.676806084
0,0.8,0.2,1,0,0,0.6,0.4,1,1,0,0.666666667,1,0,1,0.5,0.75,0.625,0.333333333,0,0,1,0.285714286,0.111111111,0.676806084
0,0.8,0.2,1,0,0,0.6,0.4,1,1,0,0.666666667,1,0,1,0.5,0.75,0.625,0.333333333,0,0,1,0.285714286,0.111111111,0.676806084
0,0.8,0.2,1,0,0,0.6,0.4,1,1,0,0.666666667,1,0,1,0.5,0.75,0.625,0.333333333,0,0,1,0.285714286,0.111111111,0.676806084
0,0.8,0.2,1,0,0,0.6,0.4,1,1,0,0.666666667,1,0,1,0.5,0.75,0.625,0.333333333,0,0,1,0.285714286,0.111111111,0.676806084
0,0.8,0.2,1,0,0,0.6,0.4,1,1,0,0.666666667,1,0,1,0.5,0.75,0.625,0.333333333,0,0,1,0.285714286,0.111111111,0.676806084
0,0.8,0.2,1,0,0,0.6,0.4,1,1,0,0.666666667,1,0,1,0.5,0.75,0.625,0.333333333,0,0,1,0.285714286,0.111111111,0.676806084
0,0.8,0.2,1,0,0,0.6,0.4,1,1,0,0.666666667,1,0,1,0.5,0.75,0.625,0.333333333,0,0,1,0.285714286,0.111111111,0.676806084
0,0.8,0.2,1,0,0,0.6,0.4,1,1,0,0.666666667,1,0,1,0.5,0.75,0.625,0.333333333,0,0,1,0.285714286,0.111111111,0.676806084
0,0.8,0.2,1,0,0,0.6,0.4,1,1,0,0.666666667,1,0,1,0.5,0.75,0.625,0.333333333,0,0,1,0.285714286,0.111111111,0.676806084
0,0.8,0.2,1,0,0,0.6,0.4,1,1,0,0.666666667,1,0,1,0.5,0.75,0.625,0.333333333,0,0,1,0.285714286,0.111111111,0.676806084
0,0.8,0.2,1,0,0,0.6,0.4,1,1,0,0.666666667,1,0,1,0.5,0.75,0.625,0.333333333,0,0,1,0.285714286,0.111111111,0.676806084
0,0.8,0.2,1,0,0,0.6,0.4,1,1,0,0.666666667,1,0,1,0.5,0.75,0.625,0.333333333,0,0,1,0.285714286,0.111111111,0.676806084
0,0.8,0.2,1,0,0,0.6,0.4,1,1,0,0.666666667,1,0,1,0.5,0.75,0.625,0.333333333,0,0,1,0.285714286,0.111111111,0.676806084
0,1,0,1,0,0,1,0,0,0.666666667,1,0.333333333,0,0,0,1,0.75,0.125,0.055555556,0.833333333,0.583333333,1,0.285714286,0.277777778,0.580608365
0,1,0,1,0,0,1,0,0,0.666666667,1,0.333333333,0,0,0,1,0.75,0.125,0.055555556,0.833333333,0.583333333,1,0.285714286,0.277777778,0.580608365
0,1,0,1,0,0,1,0,0,0.666666667,1,0.333333333,0,0,0,1,0.75,0.125,0.055555556,0.833333333,0.583333333,1,0.285714286,0.277777778,0.580608365
0,1,0,1,0,0,1,0,0,0.666666667,1,0.333333333,0,0,0,1,0.75,0.125,0.055555556,0.833333333,0.583333333,1,0.285714286,0.277777778,0.580608365
0,0.8,0.2,0.5,0.5,0,1,0,1,1,0.666666667,1,0,0,0,1,0.75,0.1875,0.111111111,0.583333333,0.75,1,0.371428571,0.077777778,0.460076046
0,0.8,0.2,0.5,0.5,0,1,0,1,1,0.666666667,1,1,1,1,1,0.75,0.1875,0.111111111,0.583333333,0.75,1,0.371428571,0.077777778,0.460076046
0,0.8,0.2,0.5,0.5,0,1,0,1,1,0.666666667,1,0,1,1,1,0.75,0.1875,0.111111111,0.666666667,0.666666667,1,0.371428571,0.077777778,0.460076046
0,0.8,0.2,0.5,0.5,0,1,0,1,1,1,1,0,1,1,1,0.75,0.1875,0.111111111,0.583333333,0.75,1,0.242857143,0.333333333,0.463878327
0,0.8,0.2,0.5,0.5,0,1,0,1,1,0.666666667,1,0,1,1,1,0.75,0.1875,0.111111111,0.583333333,0.75,1,0.242857143,0.333333333,0.463878327
0,0.9,0.1,0.75,0.25,0,1,0,1,1,0.666666667,0.666666667,0,1,1,0.5,0.75,0.625,0.666666667,0,0,0,0.428571429,0.166666667,0.501901141
0,0.7,0.3,0.7,0.3,0,1,0,1,1,0.666666667,0.666666667,0,1,1,0.5,0.75,0.625,0.666666667,0,0,0,0.428571429,0.166666667,0.501901141
0.7,0.3,0,0.7,0.3,0,1,0,1,1,0.666666667,0.666666667,0,1,1,0.5,0.75,0.75,0.444444444,0,0,1,0.285714286,0.111111111,0.536121673
0.7,0.3,0,0.7,0.3,0,1,0,1,1,0.666666667,0.666666667,0,1,1,0.5,0.75,0.75,0.444444444,0,0,1,0.285714286,0.111111111,0.536121673
0.3,0.7,0.5,0.5,0,0,1,0,1,1,0.666666667,0.666666667,0,0,0,1,0.75,0.125,0.055555556,0.666666667,0.666666667,1,0.285714286,0.111111111,0.482889734
0.3,0.7,0.5,0.5,0,0,1,0,1,1,0.666666667,0.666666667,1,0,1,1,0.75,0.125,0.055555556,0.666666667,0.666666667,1,0.285714286,0.111111111,0.482889734
0.3,0.7,0.5,0.5,0,0,1,0,1,1,0.666666667,0.666666667,1,0,0,1,0.75,0.125,0.055555556,0.666666667,0.666666667,1,0.285714286,0.111111111,0.482889734
0.3,0.7,0.5,0.5,0,0,1,0,1,1,0.666666667,0.666666667,1,0,1,1,0.75,0.125,0.055555556,0.666666667,0.666666667,1,0.285714286,0.111111111,0.482889734
0.3,0.7,0.5,0.5,0.5,0,1,0,0,1,0.666666667,0.666666667,0,0,0,1,0.75,0.125,0.111111111,0.666666667,0.666666667,1,0.285714286,0.111111111,0.479087452
0.3,0.7,0.5,0.5,0.5,0,1,0,0,1,0.666666667,0.666666667,1,0,1,1,0.75,0.125,0.111111111,0.666666667,0.666666667,1,0.285714286,0.111111111,0.482889734
0.3,0.6,0.1,0.5,0.5,0,1,0,0,1,0.666666667,0.666666667,0,0,0,1,0.75,0.125,0.111111111,0.666666667,0.666666667,1,0.285714286,0.111111111,0.475285171
0.3,0.6,0.1,0.5,0.5,0,1,0,0,1,0.666666667,0.666666667,1,0,0,1,0.75,0.125,0.111111111,0.666666667,0.666666667,1,0.285714286,0.111111111,0.475285171
0.3,0.6,0.1,0.5,0.5,0,1,0,0,1,0.666666667,0.666666667,1,0,0,1,0.75,0.125,0.111111111,0.666666667,0.666666667,1,0.285714286,0.111111111,0.475285171
0,0.75,0.25,0.6,0.4,0,1,0,1,1,0.666666667,0.666666667,1,0,0,0.5,1,0.5,0.333333333,0,0,1,0.285714286,0.077777778,0.47148289
