MA,FA,Cs,Pb,Sn,Other,I,Br,Gap,Po,ETL,HTL,Ne,Add_O,Add_I,Add_H,Step,Solvent,Coated1_v,Coated1_t,Coated2_v,Coated2_t,Antisolvent,Anneal_T,Anneal_t,Jsc,Voc,FF,PCE
1,0,0,1,0,0,1,0,0.615969582,1,1,1,0.666666667,0,0,0,0.5,0.75,0.5,0.222222222,0,0,1,0.285714286,0.022222222,21.15,1.028,0.783,12.02
1,0,0,1,0,0,1,0,0.615969582,0,0.666666667,0.333333333,0.333333333,0,0,0,0.5,0.75,0.5,0.333333333,0,0,1,0.285714286,0.111111111,22.02,0.97,0.758,16.22
1,0,0,1,0,0,1,0,0.6121673,0,0.666666667,0.333333333,0.333333333,0,0,0,0.5,1,0.5,0.333333333,0,0,1,0.285714286,0.111111111,21.35,0.94,0.796,16.05
1,0,0,1,0,0,1,0,0.6121673,0,0.666666667,0.333333333,0.333333333,0,0,0,0.5,1,0.5,0.333333333,0,0,1,0.285714286,0.111111111,20.79,0.92,0.696,13.32
1,0,0,1,0,0,1,0,0.6121673,0,0.666666667,0.333333333,0.333333333,0,0,0,0.5,1,0.5,0.333333333,0,0,1,0.285714286,0.111111111,18.96,1.01,0.678,13.94
0,1,0,1,0,0,1,0,0.570342205,0,0.333333333,0.333333333,0.666666667,1,0,1,0.5,1,0.375,0.222222222,0,0,1,0.357142857,0.222222222,25.91,1.165,0.831,25.09
0,1,0,1,0,0,1,0,0.570342205,0,0.333333333,0.333333333,0.666666667,0,0,0,0.5,1,0.375,0.222222222,0,0,1,0.357142857,0.222222222,25.87,1.107,0.82,23.48
0,0,1,1,0,0,0.666666667,0.333333333,0.72243346,0,0.333333333,0.333333333,1,0,0,0,0.5,0.75,0.35,0.277777778,0,0,0,1,0.055555556,11.76,0.97,0.58,6.6
0,0,1,1,0,0,0.666666667,0.333333333,0.72243346,0,0.333333333,0.333333333,1,0,0,0,0.5,0.75,0.35,0.277777778,0,0,0,1,0.055555556,12.55,0.98,0.69,8.5
0,0,1,1,0,0,0.666666667,0.333333333,0.72243346,0,0.333333333,0.333333333,1,0,1,0,0.5,0.75,0.35,0.277777778,0,0,0,0.428571429,0.055555556,13.49,1.01,0.58,7.9
0,0,1,1,0,0,0.666666667,0.333333333,0.72243346,0,0.333333333,0.333333333,1,0,1,0,0.5,0.75,0.35,0.277777778,0,0,0,0.428571429,0.055555556,13.34,1.05,0.62,8.7
0,0,1,1,0,0,0.666666667,0.333333333,0.72243346,0,0.333333333,0.333333333,1,0,1,0,0.5,0.75,0.35,0.277777778,0,0,0,1,0.055555556,13.72,1.17,0.68,10.9
0,0,1,1,0,0,0.666666667,0.333333333,0.72243346,0,0.333333333,0.333333333,1,0,1,0,0.5,0.75,0.35,0.277777778,0,0,0,1,0.055555556,13.98,1.17,0.74,12
1,0,0,0,1,0,1,0,0.494296578,0,0.333333333,0.333333333,0.333333333,0,0,0,0.5,0.25,0.5,0.5,0,0,0,0.357142857,0.333333333,16.3,0.68,0.48,5.23
1,0,0,0,1,0,0.666666667,0.333333333,0.593155894,0,0.333333333,0.333333333,0.333333333,0,0,0,0.5,0.25,0.5,0.5,0,0,0,0.357142857,0.333333333,14.38,0.77,0.5,5.48
1,0,0,0,1,0,0.333333333,0.666666667,0.66539924,0,0.333333333,0.333333333,0.333333333,0,0,0,0.5,0.25,0.5,0.5,0,0,0,0.357142857,0.333333333,12.3,0.82,0.57,5.73
1,0,0,0,1,0,0,1,0.817490494,0,0.333333333,0.333333333,0.333333333,0,0,0,0.5,0.25,0.5,0.5,0,0,0,0.357142857,0.333333333,8.26,0.82,0.59,4.27
0,1,0,1,0,0,1,0,0.570342205,0,0.333333333,0.333333333,0.333333333,0,0,0,1,1,0.75,0.055555556,0.666666667,0.5,0,0.2,0.333333333,6.45,0.97,0.687,4.3
0,0,1,1,0,0,0,1,0.882129278,0,0.333333333,0,1,0,0,0,0.5,0.25,0.25,0.111111111,0,0,0,0.714285714,0.055555556,7.48,1.19,0.688,6.12
0,0,1,1,0,0,0,1,0.882129278,0,0.333333333,0,1,0,0,0,0.5,0.25,0.25,0.111111111,0,0,0,0.714285714,0.055555556,5.32,1.23,0.812,5.33
0.15,0.85,0,1,0,0,0.85,0.15,0.551330798,0,0.333333333,0.333333333,0.333333333,0,0,0,1,0.5,0.625,0.5,0.833333333,0.5,0,0.285714286,0.666666667,23.08,1.07,0.62,15.46
0,1,0,0,1,0,1,0,0.517110266,1,1,0.666666667,1,1,1,1,0.5,0.75,1,0.666666667,0,0,1,0.228571429,0.111111111,21.19,0.66,0.6689,9.38
0,1,0,0,1,0,1,0,0.517110266,1,1,0.666666667,1,1,1,1,0.5,0.75,1,0.666666667,0,0,1,0.228571429,0.111111111,22.14,0.64,0.6023,8.53
0,1,0,0,1,0,1,0,0.52851711,1,1,0.666666667,1,1,1,1,0.5,0.75,1,0.666666667,0,0,1,0.228571429,0.111111111,24.2,0.76,0.6573,12.09
0,1,0,0,1,0,1,0,0.52851711,1,1,0.666666667,1,1,1,1,0.5,0.75,1,0.666666667,0,0,1,0.228571429,0.111111111,24.81,0.76,0.6959,13.12
0,1,0,0,1,0,1,0,0.543726236,1,1,0.666666667,1,1,1,1,0.5,0.75,1,0.666666667,0,0,1,0.228571429,0.111111111,24.91,0.84,0.7076,14.81
0,1,0,0,1,0,1,0,0.543726236,1,1,0.666666667,1,1,1,1,0.5,0.75,1,0.666666667,0,0,1,0.228571429,0.111111111,25.15,0.82,0.7169,14.79
0,1,0,0,1,0,1,0,0.55513308,1,1,0.666666667,1,1,1,1,0.5,0.75,1,0.666666667,0,0,1,0.228571429,0.111111111,20.74,0.84,0.6636,11.56
0,1,0,0,1,0,1,0,0.55513308,1,1,0.666666667,1,1,1,1,0.5,0.75,1,0.666666667,0,0,1,0.228571429,0.111111111,21.89,0.84,0.7886,14.5
0.15,0.85,0,1,0,0,0.85,0.15,0.608365019,1,0.666666667,0.333333333,0.666666667,1,0,0,1,0.75,0.1875,0.111111111,0.916666667,0.5,1,0.371428571,0.333333333,19.18,1.15,0.732,19.49
0.952,0.048,0,1,0,0,0.968,0.032,0.615969582,1,0.666666667,0.333333333,0.333333333,1,0,1,1,0.75,0.125,0.055555556,0.666666667,0.2,1,0.385714286,0.033333333,24.07,1.131,0.768,20.93
0.952,0.048,0,1,0,0,0.968,0.032,0.615969582,1,0.666666667,0.333333333,0.333333333,1,0,1,1,0.75,0.125,0.055555556,0.666666667,0.2,1,0.385714286,0.033333333,23.5,1.065,0.687,17.22
1,0,0,1,0,0,1,0,0.6121673,1,0.666666667,0.333333333,0.333333333,1,0,1,1,0.75,0.125,0.055555556,0.666666667,0.2,1,0.385714286,0.033333333,21.15,1.053,0.652,14.53
0.952,0.024,0,1,0,0,0.984,0.016,0.6121673,1,0.666666667,0.333333333,0.333333333,1,0,1,1,0.75,0.125,0.055555556,0.666666667,0.2,1,0.385714286,0.033333333,23.87,1.095,0.756,19.76
0.928,0.072,0,1,0,0,0.952,0.048,0.619771863,1,0.666666667,0.333333333,0.333333333,1,0,1,1,0.75,0.125,0.055555556,0.666666667,0.2,1,0.385714286,0.033333333,23.75,1.082,0.735,18.89
0.904,0.096,0,1,0,0,0.936,0.064,0.619771863,1,0.666666667,0.333333333,0.333333333,1,0,1,1,0.75,0.125,0.055555556,0.666666667,0.2,1,0.385714286,0.033333333,23.32,1.06,0.713,17.67
0,0,1,0,1,0,1,0,0.494296578,1,1,0.666666667,0.666666667,1,1,0,0.5,0.75,0.375,0.333333333,0,0,0,0.2,0.088888889,24.94,0.75,0.74,13.68
0,0,1,0,1,0,1,0,0.494296578,1,1,0.666666667,0.666666667,0,0,0,0.5,0.75,0.375,0.333333333,0,0,0,0.2,0.088888889,14.42,0.63,0.6,5.51
0,0,1,0,1,0,0.333333333,0.666666667,0.619771863,0,0.333333333,0,1,0,1,0,0.5,0.75,0.375,0.222222222,0,0,0,0.714285714,0.044444444,16.7,0.33,0.53,3
0.05,0.95,0,1,0,0,0.95,0.05,0.584410646,0,0.666666667,0.333333333,0.333333333,0,0,0,1,1,0.0375,0.111111111,0.666666667,0.5,1,0.428571429,0.111111111,24.13,1.085,0.726,19
0.15,0.85,0,1,0,0,0.85,0.15,0.608745247,0,0.333333333,0.333333333,0.333333333,1,0,0,0.5,0.75,0.75,0.333333333,0,0,1,0.285714286,0.666666667,22.89,1.123,0.756,19.43
0,0,1,1,0,0,0,1,0.870722433,0,0.333333333,0,1,1,0,0,1,1,0.25,0.333333333,0.333333333,0.166666667,1,0.714285714,0.055555556,8.74,1.23,0.754,8.11
0,0,1,1,0,0,0,1,0.882129278,0,0.333333333,0,1,1,0,0,1,0.25,0.25,0.333333333,0.333333333,0.166666667,1,0.714285714,0.055555556,7.23,1.21,0.719,6.27
0.05,0.95,0,1,0,0,0.95,0.05,0.592395437,0,0.666666667,0.333333333,0.333333333,1,1,0,1,1,0.0375,0.111111111,0.666666667,0.5,1,0.428571429,0.111111111,24.69,1.09,0.748,20.13
0.05,0.95,0,1,0,0,0.95,0.05,0.592395437,0,0.666666667,0.333333333,0.333333333,1,1,0,1,1,0.0375,0.111111111,0.666666667,0.5,1,0.428571429,0.111111111,24.66,1.08,0.73,19.44
0,1,0,1,0,0,1,0,0.587452471,0,0.666666667,0.333333333,0.333333333,1,1,0,1,1,0.0375,0.111111111,0.666666667,0.5,1,0.428571429,0.111111111,23.83,1.05,0.715,17.89
0,1,0,1,0,0,1,0,0.587452471,0,0.666666667,0.333333333,0.333333333,1,1,0,1,1,0.0375,0.111111111,0.666666667,0.5,1,0.428571429,0.111111111,23.89,1.03,0.756,18.65
1,0,0,1,0,0,1,0,0.615209125,1,1,1,0.666666667,0,0,0,0.5,0.75,0.5,0.222222222,0,0,1,0.285714286,0.022222222,21.09,1.06,0.78,18.15
0,1,0,0,1,0,1,0,0.524714829,1,1,0.666666667,1,1,0,1,0.5,0.75,0.5,0.666666667,0,0,0,0.185714286,0.222222222,24.1,0.525,0.71,9
0,1,0,1,0,0,1,0,0.585551331,1,0.666666667,0.333333333,0.333333333,1,0,1,0.5,0.25,0.5,0.333333333,0,0,0,0.428571429,0.111111111,24.75,1.117,0.737,20.33
0,1,0,1,0,0,1,0,0.585551331,1,0.666666667,0.333333333,0.333333333,1,0,1,0.5,0.25,0.5,0.333333333,0,0,0,0.428571429,0.111111111,24.9,1.13,0.75,21.18
0,1,0,1,0,0,1,0,0.581749049,1,0.666666667,0.333333333,0.333333333,1,0,1,0.5,0.25,0.5,0.111111111,0,0,0,0.428571429,0.222222222,24.81,1.04,0.78,20.23
0,1,0,1,0,0,1,0,0.581749049,1,0.666666667,0.333333333,0.333333333,1,0,1,0.5,0.25,0.5,0.111111111,0,0,0,0.428571429,0.222222222,24.7,1.029,0.756,19.27
0,1,0,0,1,0,1,0,0.585551331,1,1,0.666666667,0.666666667,0,0,0,1,0.5,0.125,0.133333333,0.833333333,0.8,1,0.285714286,0.133333333,22.37,0.73,0.72,11.78
0,1,0,0,1,0,1,0,0.585551331,1,1,0.666666667,0.666666667,0,0,0,1,0.5,0.125,0.133333333,0.833333333,0.8,1,0.285714286,0.133333333,22.1,0.53,0.677,7.932
0.17,0.83,0,1,0,0,0.83,0.17,0.608365019,1,0.666666667,0.333333333,0.333333333,0,0,0,0.5,0.75,0.75,0.333333333,0,0,1,0.285714286,0.555555556,23.23,1.18,0.7335,20.54
0.1,0.9,0,1,0,0,1,0,0.588212928,1,0.666666667,0.333333333,0.666666667,0,0,0,1,0.75,0.125,0.111111111,0.666666667,0.5,1,0.428571429,0.111111111,23.4,1.05,0.753,18.3
0,0.9,0.1,1,0,0,1,0,0.587452471,1,0.666666667,0.333333333,0.666666667,0,1,1,1,0.75,0.125,0.111111111,0.666666667,0.5,1,0.428571429,0.111111111,24.2,1.08,0.76,19.9
0,0.9,0.1,1,0,0,1,0,0.586311787,1,0.666666667,0.333333333,0.666666667,0,1,1,1,0.75,0.125,0.111111111,0.666666667,0.5,1,0.428571429,0.111111111,24.6,1.09,0.773,20.7
0,0.9,0.1,1,0,0,1,0,0.585171103,1,0.666666667,0.333333333,0.666666667,0,1,1,1,0.75,0.125,0.111111111,0.666666667,0.5,1,0.428571429,0.111111111,22.8,1.04,0.658,15.6
0,1,0,0,1,0,1,0,0.536121673,0,0.333333333,0.333333333,0.333333333,1,0,0,1,0.75,0.125,0.111111111,0.833333333,0.833333333,1,0.171428571,0.666666667,23.7,0.28,0.55,4.8
0,1,0,0,1,0,1,0,0.536121673,0,0.333333333,0.333333333,0.333333333,1,0,0,1,0.75,0.125,0.111111111,0.833333333,0.833333333,1,0.171428571,0.666666667,24.5,0.29,0.55,4
0,1,0,0,1,0,1,0,0.536121673,0,0.333333333,0.333333333,0.333333333,1,0,0,1,0.75,0.125,0.111111111,0.833333333,0.833333333,1,0.171428571,0.666666667,20.9,0.26,0.5,2.8
1,0,0,1,0,0,1,0,0.570342205,1,0.666666667,0.333333333,0.666666667,0,0,0,0.5,0.75,0.5,0.066666667,0,0,0,0.285714286,0.111111111,22.47,1.07,0.716,17.21
1,0,0,1,0,0,1,0,0.570342205,1,1,0.333333333,0.666666667,0,0,0,0.5,0.75,0.5,0.066666667,0,0,0,0.285714286,0.111111111,22.35,1.1,0.729,17.92
1,0,0,1,0,0,1,0,0.570342205,1,1,0.333333333,0.666666667,0,0,0,0.5,0.75,0.5,0.066666667,0,0,0,0.285714286,0.111111111,22.74,1.17,0.731,19.46
0,1,0,0,1,0,1,0,0.536121673,0,0.333333333,0.333333333,0.333333333,0,1,1,0.5,0.25,0.25,0.444444444,0,0,0,0.2,0.333333333,24.45,0.238,0.36,2.1
1,0,0,1,0,0,1,0,0.604562738,0,0.333333333,0.333333333,0.666666667,1,0,0,1,1,0.125,0.222222222,0.666666667,0.666666667,0,0.285714286,0.111111111,22.18,1.07,0.75,17.89
1,0,0,0.95,0.05,0,1,0,0.600760456,0,0.333333333,0.333333333,0.666666667,1,0,0,1,1,0.125,0.222222222,0.666666667,0.666666667,0,0.285714286,0.111111111,23.28,1.06,0.68,16.76
1,0,0,0.95,0,0.05,0.966666667,0.033333333,0.600760456,0,0.333333333,0.333333333,0.666666667,1,0,0,1,1,0.125,0.222222222,0.666666667,0.666666667,0,0.285714286,0.111111111,22.81,1.13,0.74,19.02
1,0,0,0.9,0.05,0.05,0.966666667,0.033333333,0.600760456,0,0.333333333,0.333333333,0.666666667,1,0,0,1,1,0.125,0.222222222,0.666666667,0.666666667,0,0.285714286,0.111111111,23.97,1.08,0.81,21.08
1,0,0,0,1,0,1,0,0.494296578,0,0.333333333,1,0.333333333,0,1,1,0.5,0.5,0.1875,0.333333333,0,0,0,0.285714286,0.222222222,19.92,0.3775,0.5173,3.89
0,0,1,0,1,0,1,0,0.475285171,0,0.333333333,1,0.333333333,0,1,1,0.5,0.5,0.1875,0.333333333,0,0,0,0.285714286,0.222222222,30.75,0.17,0.3488,1.83
0,0,1,0,1,0,0,1,0.680608365,0,0.333333333,1,0.333333333,0,1,1,0.5,0.5,0.1875,0.333333333,0,0,0,0.285714286,0.222222222,13.96,0.366,0.593,3.04
1,0,0,1,0,0,0.6,0.4,0.684410646,1,1,0.666666667,0.666666667,0,0,0,1,1,0.125,0.166666667,0.666666667,0.75,1,0.285714286,0.111111111,14.34,1.05,0.74,11.14
1,0,0,0.75,0.25,0,0.6,0.4,0.604562738,1,1,0.666666667,0.666666667,0,0,0,1,1,0.125,0.166666667,0.666666667,0.75,1,0.285714286,0.111111111,17.25,0.91,0.76,11.93
1,0,0,0.5,0.5,0,0.6,0.4,0.562737643,1,1,0.666666667,0.666666667,0,0,0,1,1,0.125,0.166666667,0.666666667,0.75,1,0.285714286,0.111111111,6.02,0.57,0.68,2.34
1,0,0,0.25,0.75,0,0.6,0.4,0.509505703,1,1,0.666666667,0.666666667,0,0,0,1,1,0.125,0.166666667,0.666666667,0.75,1,0.285714286,0.111111111,2.76,0.41,0.63,0.71
1,0,0,0,1,0,0.6,0.4,0.608365019,1,1,0.666666667,0.666666667,0,0,0,1,1,0.125,0.166666667,0.666666667,0.75,1,0.285714286,0.111111111,1.03,0.15,0.51,0.07
0.25,0.75,0,0,1,0,1,0,0.532319392,1,1,0.666666667,0.333333333,0,1,0,0.5,0.25,0.625,0.555555556,0,0,1,0.2,0.111111111,17.61,0.46,0.41,3.31
0.25,0.75,0,0,0.95,0.5,1,0,0.532319392,1,1,0.666666667,0.333333333,0,1,0,0.5,0.25,0.625,0.555555556,0,0,1,0.2,0.111111111,19.5,0.42,0.55,4.48
0.25,0.75,0,0,0.9,1,1,0,0.539923954,1,1,0.666666667,0.333333333,0,1,0,0.5,0.25,0.625,0.555555556,0,0,1,0.2,0.111111111,13.27,0.33,0.49,2.04
0.25,0.75,0,0,0.8,0.2,1,0,0.581749049,1,1,0.666666667,0.333333333,0,1,0,0.5,0.25,0.625,0.555555556,0,0,1,0.2,0.111111111,11.84,0.15,0.46,0.8
1,0,0,0,1,0,1,0,0.494296578,0,0.333333333,0.333333333,0.333333333,0,0,0,0.5,0.25,0.5,0.5,0,0,0,0.357142857,0.333333333,11.63,0.68,0.48,5.23
1,0,0,0,1,0,0.666666667,0.333333333,0.593155894,0,0.333333333,0.333333333,0.333333333,0,0,0,0.5,0.25,0.5,0.5,0,0,0,0.357142857,0.333333333,14.38,0.77,0.5,5.48
1,0,0,0,1,0,0.333333333,0.666666667,0.66539924,0,0.333333333,0.333333333,0.333333333,0,0,0,0.5,0.25,0.5,0.5,0,0,0,0.357142857,0.333333333,12.3,0.82,0.57,5.73
1,0,0,0,1,0,0,1,0.817490494,0,0.333333333,0.333333333,0.333333333,0,0,0,0.5,0.25,0.5,0.5,0,0,0,0.357142857,0.333333333,8.26,0.88,0.59,3.27
0,0,1,1,0,0,1,0,0.650190114,0,0.333333333,1,0.333333333,0,1,1,1,0.75,0.1,0.111111111,0.583333333,0.583333333,0,0.285714286,0.166666667,16.02,0.89,0.5659,8.07
0,0,1,0.99,0.01,0,1,0,1,0,0.333333333,1,0.333333333,0,1,1,1,0.75,0.1,0.111111111,0.583333333,0.583333333,0,0.285714286,0.166666667,15.2,0.83,0.5731,7.23
0,0,1,0.975,0.025,0,1,0,0.661596958,0,0.333333333,1,0.333333333,0,1,1,1,0.75,0.1,0.111111111,0.583333333,0.583333333,0,0.285714286,0.166666667,15.84,0.87,0.6364,8.77
0,0,1,0.96,0.04,0,1,0,0.593155894,0,0.333333333,1,0.333333333,0,1,1,1,0.75,0.1,0.111111111,0.583333333,0.583333333,0,0.285714286,0.166666667,18.76,0.97,0.7259,13.21
0,0,1,0.95,0.05,0,1,0,0.600760456,0,0.333333333,1,0.333333333,0,1,1,1,0.75,0.1,0.111111111,0.583333333,0.583333333,0,0.285714286,0.166666667,17.35,0.93,0.6607,10.66
0,0,1,1,0,0,1,0,0.66539924,0,0.333333333,0,1,0,0,0,0.5,0.5,0.25,0.333333333,0,0,0,0.314285714,0.111111111,13.46,0.71,0.46,4.45
0,0,1,1,0,0,1,0,0.66539924,0,0.333333333,0,1,0,0,0,0.5,0.5,0.25,0.333333333,0,0,0,0.314285714,0.111111111,13.43,0.65,0.38,3.32
0,0,1,0.96,0.04,0,1,0,0.676806084,0,0.333333333,0,1,0,0,0,0.5,0.5,0.25,0.333333333,0,0,0,0.314285714,0.111111111,14.64,0.73,0.18,5.18
0,0,1,0.96,0.04,0,1,0,0.676806084,0,0.333333333,0,1,0,0,0,0.5,0.5,0.25,0.333333333,0,0,0,0.314285714,0.111111111,14.65,0.73,0.5,5.31
0.16,0.79,0.05,1,0,0,0.826666667,0.173333333,0.6121673,1,1,0.666666667,0.666666667,0,0,0,0.5,0.75,0.625,0.444444444,0,0,0,0.285714286,0.333333333,19.82,0.7,0.6975,9.69
0.16,0.79,0.05,1,0,0,0.826666667,0.173333333,0.6121673,1,1,0.666666667,0.666666667,0,0,0,0.5,0.75,0.625,0.444444444,0,0,0,0.285714286,0.333333333,19.8,0.7,0.5203,7.21
0.16,0.79,0.05,0.916,0.16,0,0.826666667,0.173333333,0.585551331,1,1,0.666666667,0.666666667,0,0,0,0.5,0.75,0.625,0.444444444,0,0,0,0.285714286,0.333333333,22.1,0.67,0.7031,10.41
0.16,0.79,0.05,0.916,0.16,0,0.826666667,0.173333333,0.585551331,1,1,0.666666667,0.666666667,0,0,0,0.5,0.75,0.625,0.444444444,0,0,0,0.285714286,0.333333333,21.72,0.66,0.6202,8.87
0.16,0.79,0.05,0.832,0.168,0,0.826666667,0.173333333,0.558935361,1,1,0.666666667,0.666666667,0,0,0,0.5,0.75,0.625,0.444444444,0,0,0,0.285714286,0.333333333,24.79,0.71,0.7218,12.65
0.16,0.79,0.05,0.832,0.168,0,0.826666667,0.173333333,0.558935361,1,1,0.666666667,0.666666667,0,0,0,0.5,0.75,0.625,0.444444444,0,0,0,0.285714286,0.333333333,24.38,0.7,0.6624,11.27
0.16,0.79,0.05,0.748,0.252,0,0.826666667,0.173333333,0.536121673,1,1,0.666666667,0.666666667,0,0,0,0.5,0.75,0.625,0.444444444,0,0,0,0.285714286,0.333333333,25.2,0.76,0.7415,14.11
0.16,0.79,0.05,0.748,0.252,0,0.826666667,0.173333333,0.536121673,1,1,0.666666667,0.666666667,0,0,0,0.5,0.75,0.625,0.444444444,0,0,0,0.285714286,0.333333333,24.92,0.75,0.7009,12.98
0.16,0.79,0.05,0.664,0.336,0,0.826666667,0.173333333,0.524714829,1,1,0.666666667,0.666666667,0,0,0,0.5,0.75,0.625,0.444444444,0,0,0,0.285714286,0.333333333,26.59,0.8,0.7601,16.1
0.16,0.79,0.05,0.664,0.336,0,0.826666667,0.173333333,0.524714829,1,1,0.666666667,0.666666667,0,0,0,0.5,0.75,0.625,0.444444444,0,0,0,0.285714286,0.333333333,26.45,0.79,0.7545,15.76
0.16,0.79,0.05,0.58,0.42,0,0.826666667,0.173333333,0.513307985,1,1,0.666666667,0.666666667,0,0,0,0.5,0.75,0.625,0.444444444,0,0,0,0.285714286,0.333333333,25.9,0.74,0.6951,13.25
0.16,0.79,0.05,0.58,0.42,0,0.826666667,0.173333333,0.513307985,1,1,0.666666667,0.666666667,0,0,0,0.5,0.75,0.625,0.444444444,0,0,0,0.285714286,0.333333333,25.73,0.72,0.6545,12.1
0,0,1,1,0,0,0,1,0.874524715,0,0.333333333,0,1,0,0,0,0.5,0.25,0.25,0.333333333,0,0,0,0.714285714,0.055555556,7.4,1.24,0.73,6.7
0,0,1,1,0,0,0,1,0.874524715,0,0,0,1,0,0,0,0.5,0.25,0.25,0.333333333,0,0,0,0.714285714,0.055555556,5.1,1.31,0.54,3.6
0,0,1,1,0,0,0,1,0.874524715,0,0.333333333,0,1,0,0,0,0.5,0.25,0.125,0.333333333,0,0,0,0.714285714,0.055555556,7.7,1.14,0.52,4.6
0,0,1,1,0,0,0,1,0.874524715,0,0.333333333,0,1,0,0,0,0.5,0.25,0.375,0.333333333,0,0,0,0.714285714,0.055555556,6.4,1.19,0.67,5.1
0,0,1,1,1,0,1,0,0.646387833,0,0.333333333,0,1,0,0,0,0.5,0.25,0.25,0.333333333,0,0,0,0.2,0.333333333,6.96,1.26,0.57,5
0,0,1,1,0,0,0,1,0.878326996,0,0.333333333,0,1,0,0,0,1,0.25,0.25,0.333333333,0.333333333,0.5,0,0.714285714,0.055555556,6.94,1.352,0.745,6.99
0,0,1,0.9,0,0.1,0,1,0.870722433,0,0.333333333,0,1,0,0,0,1,0.25,0.25,0.333333333,0.333333333,0.5,0,0.714285714,0.055555556,7.43,1.432,0.733,7.8
0,0,1,0.8,0,0.2,0,1,0.844106464,0,0.333333333,0,1,0,0,0,1,0.25,0.25,0.333333333,0.333333333,0.5,0,0.714285714,0.055555556,7.44,1.508,0.745,8.36
0,0,1,0.7,0,0.3,0,1,0.83269962,0,0.333333333,0,1,0,0,0,1,0.25,0.25,0.333333333,0.333333333,0.5,0,0.714285714,0.055555556,7.45,1.536,0.802,9.2
0,0,1,0.9,0,0.1,0,1,0.817490494,0,0.333333333,0,1,0,0,0,1,0.25,0.25,0.333333333,0.333333333,0.5,0,0.714285714,0.055555556,4.84,1.516,0.762,5.59
0,0,1,0.9,0,0.1,0,1,0.798479087,0,0.333333333,0,1,0,0,0,1,0.25,0.25,0.333333333,0.333333333,0.5,0,0.714285714,0.055555556,2.77,1.492,0.692,2.86
0,0,1,0.9,0,0.1,0,1,0.855513308,0,0.333333333,0,1,0,0,0,1,0.25,0.25,0.333333333,0.333333333,0.5,0,0.714285714,0.055555556,7.48,1.594,0.851,10.14
0,0,1,1,0,0,0,1,0.882129278,0,0.333333333,0,1,0,0,0,1,0.25,0.25,0.333333333,0.333333333,0.5,0,0.714285714,0.055555556,6.89,1.37,0.768,7.25
0,0,1,0.97,0,0.03,0,1,0.870722433,0,0.333333333,0,1,0,0,0,1,0.25,0.25,0.333333333,0.333333333,0.5,0,0.714285714,0.055555556,7.04,1.45,0.772,7.87
0,0,1,0.97,0,0.03,0,1,0.863117871,0,0.333333333,0,1,0,0,0,1,0.25,0.25,0.333333333,0.333333333,0.5,0,0.714285714,0.055555556,7.56,1.47,0.796,8.85
0,0,1,0.97,0,0.03,0,1,0.851711027,0,0.333333333,0,1,0,0,0,1,0.25,0.25,0.333333333,0.333333333,0.5,0,0.714285714,0.055555556,7.71,1.54,0.811,9.63
0,0,1,0.96,0,0.04,0,1,0.866920152,0,0.333333333,0,1,0,0,0,1,0.25,0.25,0.333333333,0.333333333,0.5,0,0.714285714,0.055555556,7.56,1.52,0.794,9.12
0,0,1,1,0,0,0.666666667,0.333333333,0.72243346,0,0.333333333,1,0.333333333,0,0,0,1,0.75,0.125,0.111111111,0.666666667,0.5,0,0.285714286,0.055555556,13.4,0.962,0.598,7.7
0,0,1,0.99,0,0.01,0.666666667,0.333333333,0.72243346,0,0.333333333,1,0.333333333,0,0,0,1,0.75,0.125,0.111111111,0.666666667,0.5,0,0.285714286,0.055555556,14.3,0.938,0.622,8.3
0,0,1,0.98,0,0.02,0.666666667,0.333333333,0.707224335,0,0.333333333,1,0.333333333,0,0,0,1,0.75,0.125,0.111111111,0.666666667,0.5,0,0.285714286,0.055555556,15.3,1.043,0.699,11
0,0,1,0.97,0,0.03,0.666666667,0.333333333,0.72243346,0,0.333333333,1,0.333333333,0,0,0,1,0.75,0.125,0.111111111,0.666666667,0.5,0,0.285714286,0.055555556,14.2,0.999,0.692,9.8
0,0,1,0.95,0,0.05,0.666666667,0.333333333,0.711026616,0,0.333333333,1,0.333333333,0,0,0,1,0.75,0.125,0.111111111,0.666666667,0.5,0,0.285714286,0.055555556,11.2,0.927,0.613,6.4
0,0,1,1,0,0,0.333333333,0.666666667,0.790874525,0,1,1,0.333333333,0,0,0,0.5,0.5,0.3125,0.333333333,0,0,0,0.457142857,0.222222222,10.56,0.85,0.62,5.52
0,0,1,1,0,0,0.333333333,0.666666667,0.790874525,0,0,1,0.333333333,0,0,0,0.5,0.5,0.3125,0.333333333,0,0,0,0.457142857,0.222222222,8.33,0.47,0.33,1.3
0,0,1,1,0,0,0,1,0.88973384,0,0.333333333,0,1,0,0,0,0.5,0.75,0.25,0.333333333,0,0,0,0.714285714,0.111111111,7.34,1.25,0.63,5.82
0,0,1,1,0,0,0.333333333,0.666666667,0.72243346,0,0.333333333,0,1,0,0,0,0.5,0.75,0.25,0.333333333,0,0,0,1,0.111111111,12.32,1.08,0.62,8.25
0,0,1,0.9,0.1,0,0.333333333,0.666666667,0.680608365,0,0.333333333,0,1,0,0,0,0.5,0.75,0.25,0.333333333,0,0,0,1,0.111111111,14.3,1.26,0.63,11.33
0,0,1,1,0,0,0.666666667,0.333333333,0.718631179,0,0.333333333,0.333333333,0.333333333,0,0,0,1,0.5,0.125,0.111111111,0.5,0.5,0,0.8,0.111111111,12.57,1.12,0.725,10.21
0,0,1,0.95,0,0.05,0.666666667,0.333333333,0.730038023,0,0.333333333,0.333333333,0.333333333,0,0,0,1,0.75,0.125,0.111111111,0.5,0.5,0,0.8,0.111111111,14.63,1.223,0.766,13.71
0,1,0,1,0,0,1,0,0.574144487,0,0.333333333,0.333333333,0.666666667,0,0,0,0.5,0.75,0.5,0.333333333,0,0,1,0.428571429,0.055555556,21,0.97,0.651,13.3
0,0.95,0.05,1,0,0,1,0,0.577946768,0,0.333333333,0.333333333,0.666666667,0,0,0,0.5,0.75,0.5,0.333333333,0,0,1,0.428571429,0.055555556,21.3,1,0.689,14.7
0,0.9,0.1,1,0,0,1,0,0.581749049,0,0.333333333,0.333333333,0.666666667,0,0,0,0.5,0.75,0.5,0.333333333,0,0,1,0.428571429,0.055555556,21.6,1.03,0.721,16
0,0.85,0.15,1,0,0,1,0,0.581749049,0,0.333333333,0.333333333,0.666666667,0,0,0,0.5,0.75,0.5,0.333333333,0,0,1,0.428571429,0.055555556,20.6,0.98,0.667,13.5
0,0.8,0.2,1,0,0,1,0,0.581749049,0,0.333333333,0.333333333,0.666666667,0,0,0,0.5,0.75,0.5,0.333333333,0,0,1,0.428571429,0.055555556,15.5,0.78,0.432,5.3
0,1,0,1,0,0,1,0,0.574144487,0,0.333333333,0.333333333,0.666666667,0,0,0,0.5,0.75,0.5,0.333333333,0,0,1,0.428571429,0.055555556,22.8,1.02,0.671,15.6
0,1,0,1,0,0,1,0,0.574144487,0,0.333333333,0.333333333,0.666666667,0,0,0,0.5,0.75,0.5,0.333333333,0,0,1,0.428571429,0.055555556,22.9,1.05,0.7,16.8
0,1,0,1,0,0,1,0,0.574144487,0,0.333333333,0.333333333,0.666666667,0,0,0,0.5,0.75,0.5,0.333333333,0,0,1,0.428571429,0.055555556,22.7,1.02,0.69,16
0,1,0,1,0,0,1,0,0.574144487,0,0.333333333,0.333333333,0.666666667,0,0,0,0.5,0.75,0.5,0.333333333,0,0,1,0.428571429,0.055555556,22.3,1,0.693,15.4
0,1,0,1,0,0,1,0,0.574144487,0,0.333333333,0.333333333,0.666666667,0,0,0,0.5,0.75,0.5,0.333333333,0,0,1,0.428571429,0.055555556,22.5,1.03,0.7,16.2
0,1,0,1,0,0,1,0,0.574144487,0,0.333333333,0.333333333,0.666666667,0,0,0,0.5,0.75,0.5,0.333333333,0,0,1,0.428571429,0.055555556,22.5,1.02,0.704,16.1
0,1,0,1,0,0,1,0,0.574144487,0,0.333333333,0.333333333,0.666666667,0,0,0,0.5,0.75,0.5,0.333333333,0,0,1,0.428571429,0.055555556,22.4,1.02,0.698,15.9
0,1,0,1,0,0,1,0,0.574144487,0,0.333333333,0.333333333,0.666666667,0,0,0,0.5,0.75,0.5,0.333333333,0,0,1,0.428571429,0.055555556,22.5,1.02,0.692,15.8
0,1,0,1,0,0,1,0,0.574144487,0,0.333333333,0.333333333,0.666666667,0,0,0,0.5,0.75,0.5,0.333333333,0,0,1,0.428571429,0.055555556,22.7,1.02,0.71,16.5
0,1,0,1,0,0,1,0,0.574144487,0,0.333333333,0.333333333,0.666666667,0,0,0,0.5,0.75,0.5,0.333333333,0,0,1,0.428571429,0.055555556,23,1.03,0.683,16.1
0,1,0,1,0,0,1,0,0.574144487,0,0.333333333,0.333333333,0.666666667,0,0,0,0.5,0.75,0.5,0.333333333,0,0,1,0.428571429,0.055555556,23.5,1.04,0.679,16.6
0,1,0,1,0,0,1,0,0.574144487,0,0.333333333,0.333333333,0.666666667,0,0,0,0.5,0.75,0.5,0.333333333,0,0,1,0.428571429,0.055555556,22.8,1.04,0.717,17.1
0,1,0,1,0,0,1,0,0.574144487,0,0.333333333,0.333333333,0.666666667,0,0,0,0.5,0.75,0.5,0.333333333,0,0,1,0.428571429,0.055555556,23,1.05,0.721,17.4
0,1,0,1,0,0,1,0,0.574144487,0,0.333333333,0.333333333,0.666666667,0,0,0,0.5,0.75,0.5,0.333333333,0,0,1,0.428571429,0.055555556,23.1,1.05,0.69,16.7
0,1,0,1,0,0,1,0,0.574144487,0,0.333333333,0.333333333,0.666666667,0,0,0,0.5,0.75,0.5,0.333333333,0,0,1,0.428571429,0.055555556,23.2,1.04,0.661,15.9
0,1,0,1,0,0,1,0,0.574144487,0,0.333333333,0.333333333,0.666666667,0,0,0,0.5,0.75,0.5,0.333333333,0,0,1,0.428571429,0.055555556,22.5,1.03,0.706,16.4
0,1,0,1,0,0,1,0,0.574144487,0,0.333333333,0.333333333,0.666666667,0,0,0,0.5,0.75,0.5,0.333333333,0,0,1,0.428571429,0.055555556,22.5,1.06,0.731,17.5
0,1,0,1,0,0,1,0,0.574144487,0,0.333333333,0.333333333,0.666666667,0,0,0,0.5,0.75,0.5,0.333333333,0,0,1,0.428571429,0.055555556,22.7,1.03,0.725,17
0,1,0,1,0,0,1,0,0.574144487,0,0.333333333,0.333333333,0.666666667,0,0,0,0.5,0.75,0.5,0.333333333,0,0,1,0.428571429,0.055555556,22.1,1,0.683,15.1
0,1,0,1,0,0,1,0,0.574144487,0,0.333333333,0.333333333,0.666666667,0,0,0,0.5,0.75,0.5,0.333333333,0,0,1,0.428571429,0.055555556,22.1,0.99,0.69,15.2
0,1,0,1,0,0,1,0,0.574144487,0,0.333333333,0.333333333,0.666666667,0,0,0,0.5,0.75,0.5,0.333333333,0,0,1,0.428571429,0.055555556,22.7,1.03,0.723,17
0,0,1,1,0,0,1,0,0.633079848,0,0.333333333,0.333333333,0.333333333,0,0,0,1,0.75,0.1875,0.111111111,0.666666667,0.5,0,0.514285714,0.1,20.26,1.102,0.806,17.98
0,0,1,1,0,0,1,0,0.633079848,0,0.333333333,0.333333333,0.333333333,0,0,0,1,0.75,0.1875,0.111111111,0.666666667,0.5,0,0.514285714,0.1,20.27,1.019,0.714,14.75
0,0,1,0.975,0,0.025,1,0,0.636121673,0,0.333333333,0.333333333,0.333333333,0,0,0,1,0.75,0.1875,0.111111111,0.666666667,0.5,0,0.514285714,0.1,20.35,1.127,0.805,18.45
0,0,1,0.975,0,0.025,1,0,0.636121673,0,0.333333333,0.333333333,0.333333333,0,0,0,1,0.75,0.1875,0.111111111,0.666666667,0.5,0,0.514285714,0.1,20.36,0.951,0.629,12.19
0,0,1,0.95,0,0.05,1,0,0.638403042,0,0.333333333,0.333333333,0.333333333,0,0,0,1,0.75,0.1875,0.111111111,0.666666667,0.5,0,0.514285714,0.1,20.22,1.165,0.824,19.52
0,0,1,0.95,0,0.05,1,0,0.638403042,0,0.333333333,0.333333333,0.333333333,0,0,0,1,0.75,0.1875,0.111111111,0.666666667,0.5,0,0.514285714,0.1,20.3,1.096,0.718,15.98
0,0,1,0.925,0,0.075,1,0,0.645627376,0,0.333333333,0.333333333,0.333333333,0,0,0,1,0.75,0.1875,0.111111111,0.666666667,0.5,0,0.514285714,0.1,19.99,1.139,0.826,18.8
0,0,1,0.925,0,0.075,1,0,0.645627376,0,0.333333333,0.333333333,0.333333333,0,0,0,1,0.75,0.1875,0.111111111,0.666666667,0.5,0,0.514285714,0.1,20.03,1.108,0.618,13.72
0,0,1,0.9,0,0.1,1,0,0.645627376,0,0.333333333,0.333333333,0.333333333,0,0,0,1,0.75,0.1875,0.111111111,0.666666667,0.5,0,0.514285714,0.1,19.74,1.117,0.823,18.14
0,0,1,0.9,0,0.1,1,0,0.645627376,0,0.333333333,0.333333333,0.333333333,0,0,0,1,0.75,0.1875,0.111111111,0.666666667,0.5,0,0.514285714,0.1,19.75,1.066,0.57,12
0.17,0.78,0.05,1,0,0,0.83,0.17,0.619771863,0,0.333333333,0.333333333,0.333333333,0,1,1,1,0.75,0.125,0.111111111,1,0.333333333,1,0.285714286,0.666666667,22.7,1.109,0.74,18.6
0.17,0.78,0.05,1,0,0,0.83,0.17,0.619771863,0,0.333333333,0.333333333,0.333333333,0,1,1,1,0.75,0.125,0.111111111,1,0.333333333,1,0.285714286,0.666666667,22.7,1.095,0.72,17.7
0.17,0.73,0.1,1,0,0,0.83,0.17,0.619771863,0,0.333333333,0.333333333,0.333333333,0,1,1,1,0.75,0.125,0.111111111,1,0.333333333,1,0.285714286,0.666666667,21.9,1.12,0.76,18.6
0.17,0.73,0.1,1,0,0,0.83,0.17,0.619771863,0,0.333333333,0.333333333,0.333333333,0,1,1,1,0.75,0.125,0.111111111,1,0.333333333,1,0.285714286,0.666666667,22,1.13,0.77,19.1
0.17,0.68,0.15,1,0,0,0.83,0.17,0.631178707,0,0.333333333,0.333333333,0.333333333,0,1,1,1,0.75,0.125,0.111111111,1,0.333333333,1,0.285714286,0.666666667,19.4,1.088,0.69,14.6
0.17,0.68,0.15,1,0,0,0.83,0.17,0.631178707,0,0.333333333,0.333333333,0.333333333,0,1,1,1,0.75,0.125,0.111111111,1,0.333333333,1,0.285714286,0.666666667,20,1.134,0.64,14.5
0.25,0.75,0,1,0,0,0.33,0.17,0.615969582,0,0.333333333,0.333333333,0.333333333,0,1,1,1,0.75,0.125,0.111111111,1,0.333333333,1,0.285714286,0.666666667,18.6,0.906,0.6,10.1
0.2,0.75,0.05,1,0,0,0.83,0.17,0.619771863,0,0.333333333,0.333333333,0.333333333,0,1,1,1,0.75,0.125,0.111111111,1,0.333333333,1,0.285714286,0.666666667,17.9,0.913,0.52,8.5
0.15,0.75,0.1,1,0,0,0.83,0.17,0.619771863,0,0.333333333,0.333333333,0.333333333,0,1,1,1,0.75,0.125,0.111111111,1,0.333333333,1,0.285714286,0.666666667,20.7,1.049,0.75,16.3
0.15,0.75,0.1,1,0,0,0.83,0.17,0.619771863,0,0.333333333,0.333333333,0.333333333,0,1,1,1,0.75,0.125,0.111111111,1,0.333333333,1,0.285714286,0.666666667,21,1.076,0.66,14.9
0.1,0.75,0.15,1,0,0,0.83,0.17,0.631178707,0,0.333333333,0.333333333,0.333333333,0,1,1,1,0.75,0.125,0.111111111,1,0.333333333,1,0.285714286,0.666666667,21.1,1.06,0.75,16.8
0.1,0.75,0.15,1,0,0,0.83,0.17,0.631178707,0,0.333333333,0.333333333,0.333333333,0,1,1,1,0.75,0.125,0.111111111,1,0.333333333,1,0.285714286,0.666666667,20.9,1.05,0.73,16
0.12,0.83,0.05,1,0,0,0.83,0.17,0.619771863,0,0.333333333,0.333333333,0.333333333,0,1,1,1,0.75,0.125,0.111111111,1,0.333333333,1,0.285714286,0.666666667,20.3,1.092,0.7,15.5
0.12,0.83,0.05,1,0,0,0.83,0.17,0.619771863,0,0.333333333,0.333333333,0.333333333,0,1,1,1,0.75,0.125,0.111111111,1,0.333333333,1,0.285714286,0.666666667,19.4,1.044,0.72,14.6
0.07,0.83,0.1,1,0,0,0.83,0.17,0.619771863,0,0.333333333,0.333333333,0.333333333,0,1,1,1,0.75,0.125,0.111111111,1,0.333333333,1,0.285714286,0.666666667,21,1.071,0.72,16.2
0.07,0.83,0.1,1,0,0,0.83,0.17,0.619771863,0,0.333333333,0.333333333,0.333333333,0,1,1,1,0.75,0.125,0.111111111,1,0.333333333,1,0.285714286,0.666666667,20.9,1.078,0.72,16.2
0,0.83,0.17,1,0,0,0.6,0.4,0.661596958,0,0.666666667,0.333333333,0.666666667,0,0,0,0.5,0.25,0.25,0.5,0,0,0,0.528571429,1,19.4,1.2,0.751,17.1
0,0.83,0.17,1,0,0,0.6,0.4,0.661596958,0,0.666666667,0.333333333,0.333333333,0,0,0,0.5,0.25,0.25,0.5,0,0,0,0.528571429,1,19.9,1.1,0.707,15.1
0.15,0.85,0.05,1,0,0,0.85,0.15,0.6121673,1,0.666666667,0.333333333,0.666666667,0,1,1,1,0.5,0.125,0.111111111,0.833333333,0.5,1,0.285714286,0.666666667,23.19,1.109,0.6249,16.07
0.1425,0.8475,0.05,1,0,0,0.15,0.85,0.615969582,1,0.666666667,0.333333333,0.666666667,0,1,1,1,0.5,0.125,0.111111111,0.833333333,0.5,1,0.285714286,0.666666667,23.57,1.119,0.7594,20.03
0.135,0.765,0.1,1,0,0,0.15,0.85,0.619771863,1,0.666666667,0.333333333,0.666666667,0,1,1,1,0.5,0.125,0.111111111,0.833333333,0.5,1,0.285714286,0.666666667,22.32,1.096,0.6095,15.15
0.2,0.8,0,0.5,0.5,0,1,0,0.479087452,1,1,1,0.666666667,0,1,1,1,0.5,0.125,0.111111111,0.833333333,0.5,0,0.285714286,0.077777778,30.8,0.79,0.706,17.2
0.2,0.8,0,0.5,0.5,0,1,0,0.479087452,1,1,1,0.666666667,0,1,1,1,0.5,0.125,0.111111111,0.833333333,0.5,0,0.285714286,0.077777778,30.9,0.77,0.633,15.2
0.195,0.78,0.025,0.5,0.5,0,1,0,0.479087452,1,1,1,0.666666667,0,1,1,0.5,0.5,0.625,0.111111111,0,0,0,0.285714286,0.077777778,32.5,0.78,0.718,18.2
0.195,0.78,0.025,0.5,0.5,0,1,0,0.479087452,1,1,1,0.666666667,0,1,1,0.5,0.5,0.625,0.111111111,0,0,0,0.285714286,0.077777778,32.5,0.77,0.665,16.7
0,0,1,1,0,0,0.666666667,0.333333333,0.730038023,0,0.333333333,0.333333333,0.333333333,0,0,0,0.5,0.25,0.1875,0.444444444,0,0,0,0.8,0.111111111,11.03,1.08,0.66,7.8
0,0,1,1,0,0,0.666666667,0.333333333,0.730038023,0,0.333333333,0.333333333,0.333333333,0,0,0,0.5,0.25,0.1875,0.444444444,0,0,0,0.8,0.111111111,11.54,1.11,0.69,8.9
0,0,1,1,0,0,0.666666667,0.333333333,0.730038023,0,0.333333333,0.333333333,0.333333333,0,0,0,0.5,0.25,0.1875,0.444444444,0,0,0,0.8,0.111111111,10.83,1.13,0.71,8.5
0,0,1,1,0,0,0.666666667,0.333333333,0.730038023,0,0.333333333,0.333333333,0.333333333,0,0,0,0.5,0.25,0.1875,0.444444444,0,0,0,0.8,0.111111111,10.9,1.13,0.72,8.9
0,0,1,1,0,0,0.666666667,0.333333333,0.730038023,0,0.333333333,0.333333333,0.333333333,0,0,0,0.5,0.25,0.1875,0.444444444,0,0,0,0.8,0.111111111,9.6,1.22,0.74,8.6
0,0,1,1,0,0,0.666666667,0.333333333,0.730038023,0,0.333333333,0.333333333,0.333333333,0,0,0,0.5,0.25,0.1875,0.444444444,0,0,0,0.8,0.111111111,9.54,1.24,0.69,8.2
0,0,1,1,0,0,0.666666667,0.333333333,0.730038023,0,0.333333333,0.333333333,0.333333333,0,0,0,0.5,0.25,0.1875,0.444444444,0,0,0,0.8,0.111111111,9.7,1.21,0.72,8.5
0,0,1,1,0,0,0.666666667,0.333333333,0.730038023,0,0.333333333,0.333333333,0.333333333,0,0,0,0.5,0.25,0.1875,0.444444444,0,0,0,0.8,0.111111111,10.55,1.09,0.7,8
0,0,1,1,0,0,0.666666667,0.333333333,0.730038023,0,0.333333333,0.333333333,0.333333333,0,0,0,0.5,0.25,0.1875,0.444444444,0,0,0,0.8,0.111111111,10.68,1.21,0.72,9.3
0,0,1,1,0,0,0.666666667,0.333333333,0.730038023,0,0.333333333,0.333333333,0.333333333,0,0,0,0.5,0.25,0.1875,0.444444444,0,0,0,0.8,0.111111111,10.81,1.21,0.73,9.5
0,0,1,1,0,0,0.666666667,0.333333333,0.730038023,0,0.333333333,0.333333333,0.333333333,0,0,0,0.5,0.25,0.1875,0.444444444,0,0,0,0.8,0.111111111,9.66,1.18,0.67,7.6
0,0,1,1,0,0,0.666666667,0.333333333,0.730038023,0,0.333333333,0.333333333,0.333333333,0,0,0,0.5,0.25,0.1875,0.444444444,0,0,0,0.8,0.111111111,9.92,1.18,0.68,8
0,0,1,1,0,0,0.666666667,0.333333333,0.730038023,0,0.333333333,0.333333333,0.333333333,0,0,0,0.5,0.25,0.1875,0.444444444,0,0,0,0.8,0.111111111,8.73,1.16,0.6,6.1
0,0,1,1,0,0,0.666666667,0.333333333,0.730038023,0,0.333333333,0.333333333,0.333333333,0,0,0,0.5,0.25,0.1875,0.444444444,0,0,0,0.8,0.111111111,8.84,1.2,0.62,6.6
0,0,1,1,0,0,0.666666667,0.333333333,0.730038023,0,0.333333333,0.333333333,0.333333333,0,0,0,0.5,0.25,0.1875,0.444444444,0,0,0,0.8,0.111111111,9.32,1.18,0.71,7.9
0,0,1,1,0,0,0.666666667,0.333333333,0.730038023,0,0.333333333,0.333333333,0.333333333,0,0,0,0.5,0.25,0.1875,0.444444444,0,0,0,0.8,0.111111111,10.08,1.17,0.67,8
0,0,1,1,0,0,0.666666667,0.333333333,0.730038023,0,0.333333333,0.333333333,0.333333333,0,0,0,0.5,0.25,0.1875,0.444444444,0,0,0,0.8,0.111111111,9.66,1.21,0.72,8.4
0,0,1,1,0,0,0.666666667,0.333333333,0.730038023,0,0.333333333,0.333333333,0.333333333,0,0,0,0.5,0.25,0.1875,0.444444444,0,0,0,0.8,0.111111111,9.3,1.21,0.72,8.1
0,0,1,1,0,0,0.666666667,0.333333333,0.730038023,0,0.333333333,0.333333333,0.333333333,0,0,0,0.5,0.25,0.1875,0.444444444,0,0,0,0.8,0.111111111,9.23,1.21,0.74,8.3
0,0,1,1,0,0,0.666666667,0.333333333,0.730038023,0,0.333333333,0.333333333,0.333333333,0,0,0,0.5,0.25,0.1875,0.444444444,0,0,0,0.8,0.111111111,10.85,1.2,0.7,9.1
0,0,1,1,0,0,0.666666667,0.333333333,0.657794677,0,1,0,1,0,0,0,0.5,0.75,0.25,0.333333333,0,0,0,1,0.111111111,13.86,1.2,0.66,11.02
0,0,1,1,0,0,1,0,0.650190114,0,0.333333333,0,1,0,0,0,0.5,0.25,0.25,0.222222222,0,0,0,0.571428571,0.055555556,17,0.78,0.59,7.9
0,0,1,1,0,0,0.333333333,0.666666667,0.779467681,0,0.333333333,1,1,0,0,0,1,0.5,0.1875,0.222222222,0.833333333,1,0,0.8,0.111111111,9.32,1.15,0.69,7.41
1,0,0,1,0,0,1,0,0.596958175,0,0.333333333,0.333333333,0.333333333,0,0,0,1,1,0.125,0.111111111,0.5,0.25,0,0.285714286,0.111111111,17.58,0.854,0.542,8.13
1,0,0,1,0,0,1,0,0.596958175,0,0.333333333,0.333333333,0.333333333,0,0,0,1,1,0.125,0.111111111,0.5,0.25,0,0.285714286,0.111111111,14.64,0.858,0.688,8.64
1,0,0,1,0,0,1,0,0.596958175,0,0.333333333,0.333333333,0.333333333,0,0,0,1,1,0.125,0.111111111,0.5,0.25,0,0.285714286,0.111111111,16.74,0.876,0.531,7.79
1,0,0,1,0,0,1,0,0.596958175,0,0.333333333,0.333333333,0.333333333,0,0,0,1,1,0.125,0.111111111,0.5,0.25,0,0.285714286,0.111111111,14.41,0.817,0.57,6.71
1,0,0,1,0,0,1,0,0.596958175,0,0.333333333,0.333333333,0.333333333,0,0,0,1,1,0.125,0.111111111,0.5,0.25,0,0.285714286,0.111111111,15.61,0.863,0.655,8.82
1,0,0,1,0,0,1,0,0.596958175,0,0.333333333,0.333333333,0.333333333,0,0,0,1,1,0.125,0.111111111,0.5,0.25,0,0.285714286,0.111111111,15.3,0.799,0.61,7.44
1,0,0,1,0,0,1,0,0.596958175,0,0.333333333,0.333333333,0.333333333,0,0,0,1,1,0.125,0.111111111,0.5,0.25,0,0.285714286,0.111111111,16.08,0.788,0.589,7.46
1,0,0,1,0,0,1,0,0.596958175,0,0.333333333,0.333333333,0.333333333,0,0,0,1,1,0.125,0.111111111,0.5,0.25,0,0.285714286,0.111111111,17.56,0.834,0.5999,8.76
1,0,0,1,0,0,1,0,0.596958175,0,0.333333333,0.333333333,0.333333333,0,0,0,1,1,0.125,0.111111111,0.5,0.25,0,0.285714286,0.111111111,16.66,0.832,0.607,8.41
1,0,0,1,0,0,1,0,0.596958175,0,0.333333333,0.333333333,0.333333333,0,0,0,1,1,0.125,0.111111111,0.5,0.25,0,0.285714286,0.111111111,17.2,0.811,0.612,8.54
1,0,0,1,0,0,1,0,0.593155894,0,0.333333333,0.333333333,0.333333333,1,0,0,1,1,0.125,0.111111111,0.5,0.25,0,0.285714286,0.111111111,22.28,0.976,0.697,15.16
1,0,0,1,0,0,1,0,0.593155894,0,0.333333333,0.333333333,0.333333333,1,0,0,1,1,0.125,0.111111111,0.5,0.25,0,0.285714286,0.111111111,22.26,0.976,0.685,14.88
1,0,0,1,0,0,1,0,0.593155894,0,0.333333333,0.333333333,0.333333333,1,0,0,1,1,0.125,0.111111111,0.5,0.25,0,0.285714286,0.111111111,21.6,0.984,0.686,14.57
1,0,0,1,0,0,1,0,0.593155894,0,0.333333333,0.333333333,0.333333333,1,0,0,1,1,0.125,0.111111111,0.5,0.25,0,0.285714286,0.111111111,21.35,1.016,0.746,16.2
1,0,0,1,0,0,1,0,0.593155894,0,0.333333333,0.333333333,0.333333333,1,0,0,1,1,0.125,0.111111111,0.5,0.25,0,0.285714286,0.111111111,18.96,1.03,0.72,14.04
1,0,0,1,0,0,1,0,0.593155894,0,0.333333333,0.333333333,0.333333333,1,0,0,1,1,0.125,0.111111111,0.5,0.25,0,0.285714286,0.111111111,20.1,0.998,0.722,14.47
1,0,0,1,0,0,1,0,0.593155894,0,0.333333333,0.333333333,0.333333333,1,0,0,1,1,0.125,0.111111111,0.5,0.25,0,0.285714286,0.111111111,22.11,1.002,0.753,16.69
1,0,0,1,0,0,1,0,0.593155894,0,0.333333333,0.333333333,0.333333333,1,0,0,1,1,0.125,0.111111111,0.5,0.25,0,0.285714286,0.111111111,22.77,0.971,0.692,15.3
1,0,0,1,0,0,1,0,0.593155894,0,0.333333333,0.333333333,0.333333333,1,0,0,1,1,0.125,0.111111111,0.5,0.25,0,0.285714286,0.111111111,22.24,1.03,0.663,15.2
1,0,0,1,0,0,1,0,0.593155894,0,0.333333333,0.333333333,0.333333333,1,0,0,1,1,0.125,0.111111111,0.5,0.25,0,0.285714286,0.111111111,21.14,0.993,0.75,15.75
0,0,1,1,0,0,0.333333333,0.666666667,0.718631179,0,0.333333333,0,1,0,0,0,0.5,0.25,0.25,0.333333333,0,0,0,1,0.008333333,12.15,0.96,0.53,6.14
0,0,1,0.995,0,0.005,0.336666667,0.663333333,0.703422053,0,0.333333333,0,1,0,0,0,0.5,0.25,0.25,0.333333333,0,0,0,1,0.008333333,13.15,0.99,0.57,7.36
0,0,1,0.99,0,0.01,0.34,0.66,0.688212928,0,0.333333333,0,1,0,0,0,0.5,0.25,0.25,0.333333333,0,0,0,1,0.008333333,13.07,0.92,0.55,6.54
0,0,1,0.98,0,0.02,0.346666667,0.653333333,0.684410646,0,0.333333333,0,1,0,0,0,0.5,0.25,0.25,0.333333333,0,0,0,1,0.008333333,11.86,0.95,0.49,5.41
0,0,1,1,0,0,0.666666667,0.333333333,0.726235741,0,0.333333333,1,0.333333333,0,0,0,1,0.75,0.125,0.111111111,0.5,0.5,0,0.8,0.111111111,15.3,1.2,0.7,12.85
0,0,1,0.99,0,0.01,0.666666667,0.333333333,0.728136882,0,0.333333333,1,0.333333333,0,0,0,1,0.75,0.125,0.111111111,0.5,0.5,0,0.8,0.111111111,15.4,1.23,0.73,13.82
0,0,1,0.98,0,0.02,0.666666667,0.333333333,0.730418251,0,0.333333333,1,0.333333333,0,0,0,1,0.75,0.125,0.111111111,0.5,0.5,0,0.8,0.111111111,15.63,1.275,0.75,14.94
0,0,1,0.97,0,0.03,0.666666667,0.333333333,0.733079848,0,0.333333333,1,0.333333333,0,0,0,1,0.75,0.125,0.111111111,0.5,0.5,0,0.8,0.111111111,15.9,1.298,0.76,15.68
0,0,1,0.96,0,0.04,0.666666667,0.333333333,0.729657795,0,0.333333333,1,0.333333333,0,0,0,1,0.75,0.125,0.111111111,0.5,0.5,0,0.8,0.111111111,15.45,1.252,0.732,14.15
0,0,1,1,0,0,0.666666667,0.333333333,0.730038023,0,0.333333333,1,0.333333333,0,0,0,1,0.75,0.125,0.111111111,0.5,0.5,0,0.8,0.111111111,14.98,1.289,0.75,14.48
0,0,1,1,0,0,0.666666667,0.333333333,0.730038023,0,0.333333333,1,0.333333333,0,1,0,1,0.75,0.125,0.111111111,0.5,0.5,0,0.8,0.111111111,16.25,1.32,0.8003,17.16
1,0,0,1,0,0,1,0,0.593155894,0,0.333333333,0.333333333,0.333333333,0,0,0,0.5,0.25,0.75,0.055555556,0,0,0,0.2,0.333333333,17.45,0.977,0.6113,10.64
1,0,0,1,0,0,0.88,0.12,0.615969582,0,0.333333333,0.333333333,0.333333333,0,0,0,0.5,0.25,0.75,0.055555556,0,0,0,0.2,0.333333333,13.89,0.89,0.6531,8.13
1,0,0,1,0,0,0.74,0.26,0.642585551,0,0.333333333,0.333333333,0.333333333,0,0,0,0.5,0.25,0.75,0.055555556,0,0,0,0.2,0.333333333,10.39,0.936,0.6195,6.13
1,0,0,1,0,0,0.58,0.42,0.680608365,0,0.333333333,0.333333333,0.333333333,0,0,0,0.5,0.25,0.75,0.055555556,0,0,0,0.2,0.333333333,8.2,0.898,0.6584,4.63
1,0,0,1,0,0,0.41,0.59,0.745247148,0,0.333333333,0.333333333,0.333333333,0,0,0,0.5,0.25,0.75,0.055555556,0,0,0,0.2,0.333333333,6.35,0.834,0.524,2.8
1,0,0,1,0,0,0.28,0.72,0.764258555,0,0.333333333,0.333333333,0.333333333,0,0,0,0.5,0.25,0.75,0.055555556,0,0,0,0.2,0.333333333,3.18,0.94,0.4854,1.39
1,0,0,1,0,0,0.05,0.95,0.847908745,0,0.333333333,0.333333333,0.333333333,0,0,0,0.5,0.25,0.75,0.055555556,0,0,0,0.2,0.333333333,2.38,0.832,0.4981,1.03
0,0,1,1,0,0,1,0,0.657794677,0,0.333333333,1,0.333333333,0,0,0,0.5,0.75,0.5,0.333333333,0,0,0,0.857142857,0.111111111,14.64,1.21,0.791,14.01
0,0,1,1,0,0,1,0,0.657794677,0,0.333333333,1,0.333333333,1,1,1,0.5,0.75,0.5,0.333333333,0,0,0,0.857142857,0.111111111,14.72,1.211,0.788,14.05
0,0,1,1,0,0,1,0,0.657794677,0,0.333333333,1,0.333333333,1,1,1,0.5,0.75,0.5,0.333333333,0,0,0,0.857142857,0.111111111,14.87,1.199,0.787,14.03
0,0,1,1,0,0,1,0,0.657794677,0,0.333333333,1,0.333333333,1,1,1,0.5,0.75,0.5,0.333333333,0,0,0,0.857142857,0.111111111,14.62,1.176,0.783,13.47
0,0,1,1,0,0,1,0,0.657794677,0,0.333333333,1,0.333333333,1,1,1,0.5,0.75,0.5,0.333333333,0,0,0,0.857142857,0.111111111,14.64,1.213,0.79,14.03
0,0,1,1,0,0,1,0,0.657794677,0,0.333333333,1,0.333333333,1,1,1,0.5,0.75,0.5,0.333333333,0,0,0,0.857142857,0.111111111,14.55,1.227,0.787,14.05
0,0,1,1,0,0,1,0,0.657794677,0,0.333333333,1,0.333333333,1,1,1,0.5,0.75,0.5,0.333333333,0,0,0,0.857142857,0.111111111,14.57,1.215,0.789,13.96
0,0,1,0,1,0,1,0,0.482889734,0,0.333333333,0.333333333,0.333333333,0,1,0,0.5,0.5,0.25,0.444444444,0,0,0,0.285714286,0.111111111,27.67,0.201,0.29,1.66
0,0,1,0,1,0,0.666666667,0.333333333,0.520912548,0,0.333333333,0.333333333,0.333333333,0,1,0,0.5,0.5,0.25,0.444444444,0,0,0,0.285714286,0.111111111,15.06,0.289,0.38,1.67
0,0,1,0,1,0,0.333333333,0.666666667,0.627376426,0,0.333333333,0.333333333,0.333333333,0,1,0,0.5,0.5,0.25,0.444444444,0,0,0,0.285714286,0.111111111,11.57,0.311,0.43,1.56
0,0,1,0,1,0,0,1,0.66539924,0,0.333333333,0.333333333,0.333333333,0,1,0,0.5,0.5,0.25,0.444444444,0,0,0,0.285714286,0.111111111,3.99,0.41,0.58,0.95
0,0,1,1,0,0,0.666666667,0.333333333,0.730038023,0,0.333333333,0.333333333,0.333333333,0,0,0,0.5,0.25,0.1875,0.444444444,0,0,0,0.8,0.022222222,10.8,1.18,0.69,8.8
0,0,1,1,0,0,0.666666667,0.333333333,0.730038023,0,0.333333333,0.333333333,0.333333333,0,0,0,0.5,0.25,0.1875,0.444444444,0,0,0,0.8,0.022222222,10.5,1.22,0.74,9.5
0,0,1,1,0,0,0.666666667,0.333333333,0.730038023,0,0.333333333,0.333333333,0.333333333,0,0,0,0.5,0.25,0.1875,0.444444444,0,0,0,0.8,0.022222222,10.7,1.22,0.73,9.6
0,0,1,1,0,0,0.666666667,0.333333333,0.730038023,0,0.333333333,0.333333333,0.333333333,0,0,0,0.5,0.25,0.1875,0.444444444,0,0,0,0.8,0.022222222,10,1.2,0.75,9
0,0,1,1,0,0,0.666666667,0.333333333,0.730038023,0,0.333333333,0.333333333,0.333333333,0,0,0,0.5,0.25,0.1875,0.444444444,0,0,0,0.8,0.022222222,10.4,1.2,0.75,9.4
0,0,1,1,0,0,0.666666667,0.333333333,0.730038023,0,0.333333333,0.333333333,0.333333333,0,0,0,0.5,0.25,0.1875,0.444444444,0,0,0,0.8,0.022222222,9.8,1.2,0.74,8.7
0,0,1,1,0,0,0.666666667,0.333333333,0.730038023,0,0.333333333,0.333333333,0.333333333,0,0,0,0.5,0.25,0.1875,0.444444444,0,0,0,0.8,0.022222222,10.2,1.16,0.73,8.6
0,0,1,1,0,0,0.666666667,0.333333333,0.730038023,0,0.333333333,0.333333333,0.333333333,0,0,0,0.5,0.25,0.1875,0.444444444,0,0,0,0.8,0.022222222,10.2,1.16,0.73,8.7
0,0,1,1,0,0,0.666666667,0.333333333,0.730038023,0,0.333333333,0.333333333,0.333333333,0,0,0,0.5,0.25,0.1875,0.444444444,0,0,0,0.8,0.022222222,10.6,1.2,0.71,8.9
0,0,1,1,0,0,0.666666667,0.333333333,0.730038023,0,0.333333333,0.333333333,0.333333333,0,0,0,0.5,0.25,0.1875,0.444444444,0,0,0,0.8,0.022222222,10,1.14,0.71,8.2
0,0,1,1,0,0,0.666666667,0.333333333,0.730038023,0,0.333333333,0.333333333,0.333333333,0,0,0,0.5,0.25,0.1875,0.444444444,0,0,0,0.8,0.022222222,10.1,1.22,0.73,9
0,0,1,1,0,0,0.666666667,0.333333333,0.730038023,0,0.333333333,0.333333333,0.333333333,0,0,0,0.5,0.25,0.1875,0.444444444,0,0,0,0.8,0.022222222,10.1,1.23,0.73,9.1
0,0,1,1,0,0,0.666666667,0.333333333,0.730038023,0,0.333333333,0.333333333,0.333333333,0,0,0,0.5,0.25,0.1875,0.444444444,0,0,0,0.8,0.022222222,11,1.22,0.71,9.6
0,0,1,1,0,0,0.666666667,0.333333333,0.730038023,0,0.333333333,0.333333333,0.333333333,0,0,0,0.5,0.25,0.1875,0.444444444,0,0,0,0.8,0.022222222,11,1.24,0.74,10.1
0,0,1,1,0,0,0.666666667,0.333333333,0.730038023,0,0.333333333,0.333333333,0.333333333,0,0,0,0.5,0.25,0.1875,0.444444444,0,0,0,0.8,0.022222222,11,1.25,0.75,10.3
0,0,1,1,0,0,0.666666667,0.333333333,0.730038023,0,0.333333333,0.333333333,0.333333333,0,0,0,0.5,0.25,0.1875,0.444444444,0,0,0,0.8,0.022222222,11.9,1.23,0.72,10.5
0,0,1,1,0,0,0.666666667,0.333333333,0.730038023,0,0.333333333,0.333333333,0.333333333,0,0,0,0.5,0.25,0.1875,0.444444444,0,0,0,0.8,0.022222222,12,1.23,0.73,10.7
0,0,1,1,0,0,0.666666667,0.333333333,0.730038023,0,0.333333333,0.333333333,0.333333333,0,0,0,0.5,0.25,0.1875,0.444444444,0,0,0,0.8,0.022222222,10.6,1.2,0.72,9.1
0,0,1,1,0,0,0.666666667,0.333333333,0.730038023,0,0.333333333,0.333333333,0.333333333,0,0,0,0.5,0.25,0.1875,0.444444444,0,0,0,0.8,0.022222222,11.8,1.19,0.68,9.5
0,0,1,1,0,0,0.666666667,0.333333333,0.730038023,0,0.333333333,0.333333333,0.333333333,0,0,0,0.5,0.25,0.1875,0.444444444,0,0,0,0.8,0.022222222,11.6,1.22,0.7,9.9
0,0,1,1,0,0,0.666666667,0.333333333,0.730038023,0,0.333333333,0.333333333,0.333333333,0,0,0,0.5,0.25,0.1875,0.444444444,0,0,0,0.8,0.022222222,11.4,1.2,0.69,9.4
0,0,1,1,0,0,0.666666667,0.333333333,0.730038023,0,0.333333333,0.333333333,0.333333333,0,0,0,0.5,0.25,0.1875,0.444444444,0,0,0,0.8,0.022222222,11.2,1.17,0.66,8.7
0,0,1,1,0,0,0.666666667,0.333333333,0.730038023,0,0.333333333,0.333333333,0.333333333,0,0,0,0.5,0.25,0.1875,0.444444444,0,0,0,0.8,0.022222222,11.6,1.19,0.67,9.2
0,0,1,1,0,0,0.666666667,0.333333333,0.730038023,0,0.333333333,0.333333333,0.333333333,0,0,0,0.5,0.25,0.1875,0.444444444,0,0,0,0.8,0.022222222,10.5,1.18,0.67,8.3
0,0,1,1,0,0,0.666666667,0.333333333,0.730038023,0,0.333333333,0.333333333,0.333333333,0,0,0,0.5,0.25,0.1875,0.444444444,0,0,0,0.8,0.022222222,12,1.22,0.7,10.3
0,0,1,1,0,0,0.666666667,0.333333333,0.730038023,0,0.333333333,0.333333333,0.333333333,0,0,0,0.5,0.25,0.1875,0.444444444,0,0,0,0.8,0.022222222,12,1.21,0.67,9.8
0,0,1,1,0,0,0.666666667,0.333333333,0.730038023,0,0.333333333,0.333333333,0.333333333,0,0,0,0.5,0.25,0.1875,0.444444444,0,0,0,0.8,0.022222222,11.6,1.2,0.68,9.6
0,0,1,1,0,0,0.666666667,0.333333333,0.730038023,0,0.333333333,0.333333333,0.333333333,0,0,0,0.5,0.25,0.1875,0.444444444,0,0,0,0.8,0.022222222,12.2,1.2,0.67,9.8
0,0,1,1,0,0,0.666666667,0.333333333,0.730038023,0,0.333333333,0.333333333,0.333333333,0,0,0,0.5,0.25,0.1875,0.444444444,0,0,0,0.8,0.022222222,11.7,1.22,0.7,10
0,0,1,1,0,0,0.666666667,0.333333333,0.730038023,0,0.333333333,0.333333333,0.333333333,0,0,0,0.5,0.25,0.1875,0.444444444,0,0,0,0.8,0.022222222,11.4,1.21,0.69,9.6
0,0,1,1,0,0,0.666666667,0.333333333,0.72243346,0,0.666666667,0.333333333,0.333333333,0,0,0,0.5,0.75,0.375,0.277777778,0,0,1,0.457142857,0.111111111,9.06,1.02,0.572,5.3
0,0,1,0.9,0,0.1,0.666666667,0.333333333,0.718631179,0,0.666666667,0.333333333,0.333333333,0,0,0,0.5,0.75,0.375,0.277777778,0,0,1,0.457142857,0.111111111,11.39,1.11,0.593,7.6
0,0,1,0.8,0,0.2,0.666666667,0.333333333,0.718631179,0,0.666666667,0.333333333,0.333333333,0,0,0,0.5,0.75,0.375,0.277777778,0,0,1,0.457142857,0.111111111,12.15,1.27,0.701,10.8
0,0,1,0.7,0,0.3,0.666666667,0.333333333,0.718631179,0,0.666666667,0.333333333,0.333333333,0,0,0,0.5,0.75,0.375,0.277777778,0,0,1,0.457142857,0.111111111,10.58,1.32,0.645,9
0,0,1,1,0,0,0.666666667,0.333333333,0.726235741,0,0.666666667,0.333333333,0.666666667,0,0,0,0.5,0.75,0.625,0.333333333,0,0,0,0.8,0.066666667,11.87,1.153,0.71,9.72
0,0,1,1,0,0,0.666666667,0.333333333,0.726235741,0,0.666666667,0.333333333,0.666666667,0,0,0,0.5,0.75,0.625,0.333333333,0,0,0,0.8,0.066666667,12.2,1.183,0.67,9.67
0,0,1,1,0,0,0.666666667,0.333333333,0.726235741,0,0.666666667,0.333333333,0.666666667,0,0,0,0.5,0.75,0.625,0.333333333,0,0,0,0.8,0.066666667,11.93,1.203,0.69,9.9
0,0,1,1,0,0,0.666666667,0.333333333,0.726235741,0,0.666666667,0.333333333,0.666666667,0,0,0,0.5,0.75,0.625,0.333333333,0,0,0,0.8,0.066666667,12.04,1.165,0.71,9.96
0,0,1,1,0,0,0.666666667,0.333333333,0.726235741,0,0.666666667,0.333333333,0.666666667,0,0,0,0.5,0.75,0.625,0.333333333,0,0,0,0.8,0.066666667,11.87,1.196,0.73,10.36
0,0,1,1,0,0,0.666666667,0.333333333,0.726235741,0,0.666666667,0.333333333,0.666666667,0,0,0,0.5,0.75,0.625,0.333333333,0,0,0,0.8,0.066666667,11.99,1.208,0.75,10.86
0,0,1,1,0,0,0.666666667,0.333333333,0.726235741,0,0.666666667,0.333333333,0.666666667,0,0,0,0.5,0.75,0.625,0.333333333,0,0,0,0.8,0.066666667,12.01,1.175,0.73,10.3
0,0,1,1,0,0,0.666666667,0.333333333,0.726235741,0,0.666666667,0.333333333,0.666666667,0,0,0,0.5,0.75,0.625,0.333333333,0,0,0,0.8,0.066666667,12.06,1.162,0.72,10.09
0,0,1,1,0,0,0.666666667,0.333333333,0.726235741,0,0.666666667,0.333333333,0.666666667,0,0,0,0.5,0.75,0.625,0.333333333,0,0,0,0.8,0.066666667,11.92,1.186,0.71,10.04
0,0,1,1,0,0,0.666666667,0.333333333,0.726235741,0,0.666666667,0.333333333,0.666666667,0,0,0,0.5,0.75,0.625,0.333333333,0,0,0,0.8,0.066666667,12.12,1.219,0.74,10.93
0,0,1,1,0,0,0.666666667,0.333333333,0.726235741,0,0.666666667,0.333333333,0.666666667,0,0,0,0.5,0.75,0.625,0.333333333,0,0,0,0.8,0.066666667,12.12,1.254,0.78,11.85
0,0,1,1,0,0,0.666666667,0.333333333,0.726235741,0,0.666666667,0.333333333,0.666666667,0,0,0,0.5,0.75,0.625,0.333333333,0,0,0,0.8,0.066666667,11.98,1.256,0.77,11.59
0,0,1,1,0,0,0.666666667,0.333333333,0.726235741,0,0.666666667,0.333333333,0.666666667,0,0,0,0.5,0.75,0.625,0.333333333,0,0,0,0.8,0.066666667,12.04,1.283,0.79,12.2
0,0,1,1,0,0,0.666666667,0.333333333,0.726235741,0,0.666666667,0.333333333,0.666666667,0,0,0,0.5,0.75,0.625,0.333333333,0,0,0,0.8,0.066666667,12.11,1.275,0.77,11.89
0,0,1,1,0,0,0.666666667,0.333333333,0.726235741,0,0.666666667,0.333333333,0.666666667,0,0,0,0.5,0.75,0.625,0.333333333,0,0,0,0.8,0.066666667,12.05,1.236,0.72,10.72
0,0,1,1,0,0,0.666666667,0.333333333,0.726235741,0,0.666666667,0.333333333,0.666666667,0,0,0,0.5,0.75,0.625,0.333333333,0,0,0,0.8,0.066666667,11.89,1.234,0.71,10.42
0,0,1,1,0,0,0.666666667,0.333333333,0.726235741,0,0.666666667,0.333333333,0.666666667,0,0,0,0.5,0.75,0.625,0.333333333,0,0,0,0.8,0.066666667,12.01,1.282,0.75,11.55
0,0,1,1,0,0,0.666666667,0.333333333,0.726235741,0,0.666666667,0.333333333,0.666666667,0,0,0,0.5,0.75,0.625,0.333333333,0,0,0,0.8,0.066666667,11.93,1.265,0.7,10.56
0,0,1,1,0,0,0.666666667,0.333333333,0.726235741,0,0.666666667,0.333333333,0.666666667,0,0,0,0.5,0.75,0.625,0.333333333,0,0,0,0.8,0.066666667,11.87,1.247,0.74,10.95
0,0,1,1,0,0,0.666666667,0.333333333,0.726235741,0,0.666666667,0.333333333,0.666666667,0,0,0,0.5,0.75,0.625,0.333333333,0,0,0,0.8,0.066666667,12.15,1.287,0.77,12.04
0,0,1,1,0,0,0.666666667,0.333333333,0.726235741,0,0.333333333,0.333333333,0.666666667,0,0,0,0.5,0.75,0.625,0.333333333,0,0,0,0.8,0.066666667,13.56,1.243,0.74,12.52
0,0,1,1,0,0,0.666666667,0.333333333,0.726235741,0,0.333333333,0.333333333,0.666666667,0,0,0,0.5,0.75,0.625,0.333333333,0,0,0,0.8,0.066666667,13.06,1.246,0.75,12.2
0,0,1,1,0,0,0.666666667,0.333333333,0.726235741,0,0.333333333,0.333333333,0.666666667,0,0,0,0.5,0.75,0.625,0.333333333,0,0,0,0.8,0.066666667,13.16,1.248,0.74,12.15
0,0,1,1,0,0,0.666666667,0.333333333,0.726235741,0,0.333333333,0.333333333,0.666666667,0,0,0,0.5,0.75,0.625,0.333333333,0,0,0,0.8,0.066666667,13.47,1.211,0.74,12.07
0,0,1,1,0,0,0.666666667,0.333333333,0.726235741,0,0.333333333,0.333333333,0.666666667,0,0,0,0.5,0.75,0.625,0.333333333,0,0,0,0.8,0.066666667,12.89,1.246,0.75,12.05
0,0,1,1,0,0,0.666666667,0.333333333,0.726235741,0,0.333333333,0.333333333,0.666666667,0,0,0,0.5,0.75,0.625,0.333333333,0,0,0,0.8,0.066666667,13.26,1.204,0.75,11.97
0,0,1,1,0,0,0.666666667,0.333333333,0.726235741,0,0.333333333,0.333333333,0.666666667,0,0,0,0.5,0.75,0.625,0.333333333,0,0,0,0.8,0.066666667,12.93,1.225,0.75,11.88
0,0,1,1,0,0,0.666666667,0.333333333,0.726235741,0,0.333333333,0.333333333,0.666666667,0,0,0,0.5,0.75,0.625,0.333333333,0,0,0,0.8,0.066666667,13.08,1.226,0.74,11.87
0,0,1,1,0,0,0.666666667,0.333333333,0.726235741,0,0.333333333,0.333333333,0.666666667,0,0,0,0.5,0.75,0.625,0.333333333,0,0,0,0.8,0.066666667,13.4,1.24,0.71,11.8
0,0,1,1,0,0,0.666666667,0.333333333,0.726235741,0,0.333333333,0.333333333,0.666666667,0,0,0,0.5,0.75,0.625,0.333333333,0,0,0,0.8,0.066666667,13.5,1.22,0.72,11.79
0,0,1,1,0,0,0.666666667,0.333333333,0.726235741,0,0.333333333,0.333333333,0.666666667,0,0,0,0.5,0.75,0.625,0.333333333,0,0,0,0.8,0.066666667,12.4,1.26,0.75,11.7
0,0,1,1,0,0,0.666666667,0.333333333,0.726235741,0,0.333333333,0.333333333,0.666666667,0,0,0,0.5,0.75,0.625,0.333333333,0,0,0,0.8,0.066666667,12.99,1.235,0.72,11.55
0,0,1,1,0,0,0.666666667,0.333333333,0.726235741,0,0.333333333,0.333333333,0.666666667,0,0,0,0.5,0.75,0.625,0.333333333,0,0,0,0.8,0.066666667,13.03,1.227,0.72,11.51
0,0,1,1,0,0,0.666666667,0.333333333,0.726235741,0,0.333333333,0.333333333,0.666666667,0,0,0,0.5,0.75,0.625,0.333333333,0,0,0,0.8,0.066666667,13.38,1.245,0.69,11.45
0,0,1,1,0,0,0.666666667,0.333333333,0.726235741,0,0.333333333,0.333333333,0.666666667,0,0,0,0.5,0.75,0.625,0.333333333,0,0,0,0.8,0.066666667,13.43,1.245,0.69,11.45
0,0,1,1,0,0,0.666666667,0.333333333,0.726235741,0,0.333333333,0.333333333,0.666666667,0,0,0,0.5,0.75,0.625,0.333333333,0,0,0,0.8,0.066666667,13.23,1.199,0.74,11.29
0,0,1,1,0,0,0.666666667,0.333333333,0.726235741,0,0.333333333,0.333333333,0.666666667,0,0,0,0.5,0.75,0.625,0.333333333,0,0,0,0.8,0.066666667,12.54,1.217,0.73,11.13
0,0,1,1,0,0,0.666666667,0.333333333,0.726235741,0,0.333333333,0.333333333,0.666666667,0,0,0,0.5,0.75,0.625,0.333333333,0,0,0,0.8,0.066666667,12.52,1.222,0.73,11.09
0,0,1,1,0,0,0.666666667,0.333333333,0.726235741,0,0.333333333,0.333333333,0.666666667,0,0,0,0.5,0.75,0.625,0.333333333,0,0,0,0.8,0.066666667,12.18,1.225,0.74,11.01
0,0,1,1,0,0,0.666666667,0.333333333,0.726235741,0,0.333333333,0.333333333,0.666666667,0,0,0,0.5,0.75,0.625,0.333333333,0,0,0,0.8,0.066666667,13.6,1.149,0.7,10.94
0,0,1,1,0,0,0.666666667,0.333333333,0.726235741,0,0.333333333,0.333333333,0.666666667,0,0,0,0.5,0.75,0.625,0.333333333,0,0,0,0.8,0.066666667,13.2,1.18,0.7,10.9
0,0,1,1,0,0,0.666666667,0.333333333,0.726235741,0,0.333333333,0.333333333,0.666666667,0,0,0,0.5,0.75,0.625,0.333333333,0,0,0,0.8,0.066666667,13.44,1.22,0.66,10.78
0,0,1,1,0,0,0.666666667,0.333333333,0.726235741,0,0.333333333,0.333333333,0.666666667,0,0,0,0.5,0.75,0.625,0.333333333,0,0,0,0.8,0.066666667,12.5,1.185,0.72,10.7
0,0,1,1,0,0,0.666666667,0.333333333,0.726235741,0,0.333333333,0.333333333,0.666666667,0,0,0,0.5,0.75,0.625,0.333333333,0,0,0,0.8,0.066666667,12.77,1.22,0.69,10.7
0,0,1,1,0,0,0.666666667,0.333333333,0.726235741,0,0.333333333,0.333333333,0.666666667,0,0,0,0.5,0.75,0.625,0.333333333,0,0,0,0.8,0.066666667,13.01,1.26,0.64,10.54
0,0,1,1,0,0,0.666666667,0.333333333,0.726235741,0,0.333333333,0.333333333,0.666666667,0,0,0,0.5,0.75,0.625,0.333333333,0,0,0,0.8,0.066666667,12.48,1.265,0.66,10.42
0,0,1,1,0,0,0.666666667,0.333333333,0.726235741,0,0.333333333,0.333333333,0.666666667,0,0,0,0.5,0.75,0.625,0.333333333,0,0,0,0.8,0.066666667,12.7,1.23,0.67,10.4
0,0,1,1,0,0,0.666666667,0.333333333,0.726235741,0,0.333333333,0.333333333,0.666666667,0,0,0,0.5,0.75,0.625,0.333333333,0,0,0,0.8,0.066666667,11.8,1.242,0.69,10.12
0,0,1,1,0,0,0.666666667,0.333333333,0.726235741,0,0.333333333,0.333333333,0.666666667,0,0,0,0.5,0.75,0.625,0.333333333,0,0,0,0.8,0.066666667,12.11,1.252,0.67,10.1
0,0,1,1,0,0,0.666666667,0.333333333,0.726235741,0,0.333333333,0.333333333,0.666666667,0,0,0,0.5,0.75,0.625,0.333333333,0,0,0,0.8,0.066666667,11.85,1.243,0.69,10.09
0,0,1,1,0,0,0.666666667,0.333333333,0.726235741,0,0.333333333,0.333333333,0.666666667,0,0,0,0.5,0.75,0.625,0.333333333,0,0,0,0.8,0.066666667,11.88,1.244,0.66,9.7
0,0,1,1,0,0,0.666666667,0.333333333,0.726235741,0,0.333333333,0.333333333,0.666666667,0,0,0,0.5,0.75,0.625,0.333333333,0,0,0,0.8,0.066666667,10.17,1.315,0.7,9.38
0,0,1,1,0,0,0.666666667,0.333333333,0.726235741,0,0.333333333,0.333333333,0.666666667,0,0,0,0.5,0.75,0.625,0.333333333,0,0,0,0.8,0.066666667,11.8,1.269,0.63,9.37
0,0,1,1,0,0,0.666666667,0.333333333,0.726235741,0,0.333333333,0.333333333,0.666666667,0,0,0,0.5,0.75,0.625,0.333333333,0,0,0,0.8,0.066666667,9.91,1.296,0.71,9.12
0,0,1,1,0,0,0.666666667,0.333333333,0.726235741,0,0.666666667,0.333333333,0.666666667,0,0,0,0.5,0.75,0.625,0.333333333,0,0,0,0.8,0.066666667,12.58,1.256,0.77,12.17
0,0,1,1,0,0,0.666666667,0.333333333,0.726235741,0,0.666666667,0.333333333,0.666666667,0,0,0,0.5,0.75,0.625,0.333333333,0,0,0,0.8,0.066666667,12.2,1.275,0.78,12
0,0,1,1,0,0,0.666666667,0.333333333,0.726235741,0,0.666666667,0.333333333,0.666666667,0,0,0,0.5,0.75,0.625,0.333333333,0,0,0,0.8,0.066666667,11.64,1.283,0.79,11.8
0,0,1,0,1,0,1,0,0.494296578,0,0.333333333,1,0.333333333,0,1,1,0.5,0.75,0.3125,0.666666667,0,0,0,0.285714286,0.222222222,24.06,0.2918,0.3402,2.39
0,0,1,0,1,0,1,0,0.479087452,0,0.333333333,1,0.333333333,0,1,1,0.5,0.75,0.3125,0.666666667,0,0,0,0.285714286,0.222222222,12.14,0.2436,0.4144,1.23
0,1,0,0,1,0,1,0,0.532319392,0,0.333333333,1,0.333333333,0,1,1,0.5,0.75,0.3125,0.666666667,0,0,0,0.285714286,0.222222222,17.17,0.3101,0.4595,2.45
0,1,0,0,1,0,1,0,0.547528517,1,1,0.666666667,0.666666667,1,0,1,0.5,0.5,0.625,1,0,0,1,0.2,0.111111111,19.4,0.494,0.64,6.1
0,1,0,0,1,0,1,0,0.547528517,1,1,0.666666667,0.666666667,1,0,1,0.5,0.5,0.625,1,0,0,1,0.2,0.111111111,20,0.474,0.648,6.1
0,1,0,0,1,0,1,0,0.547528517,1,1,0.666666667,0.666666667,1,0,1,0.5,0.5,0.625,1,0,0,1,0.2,0.111111111,20.3,0.468,0.655,6.2
0,1,0,0,1,0,1,0,0.547528517,1,1,0.666666667,0.666666667,1,0,1,0.5,0.5,0.625,1,0,0,1,0.2,0.111111111,21.4,0.488,0.613,6.4
0,1,0,0,1,0,1,0,0.547528517,1,1,0.666666667,0.666666667,1,0,1,0.5,0.5,0.625,1,0,0,1,0.2,0.111111111,21.2,0.483,0.666,6.8
0,1,0,0,1,0,1,0,0.547528517,1,1,0.666666667,0.666666667,1,0,1,0.5,0.5,0.625,1,0,0,1,0.2,0.111111111,20.5,0.485,0.671,6.7
0,1,0,0,1,0,1,0,0.547528517,1,1,0.666666667,0.666666667,1,0,1,0.5,0.5,0.625,1,0,0,1,0.2,0.111111111,20.8,0.481,0.632,6.3
0,1,0,0,1,0,1,0,0.547528517,1,1,0.666666667,0.666666667,1,0,1,0.5,0.5,0.625,1,0,0,1,0.2,0.111111111,21.1,0.485,0.63,6.4
0,1,0,0,1,0,1,0,0.547528517,1,1,0.666666667,0.666666667,1,0,1,0.5,0.5,0.625,1,0,0,1,0.2,0.111111111,20.4,0.483,0.634,6.3
0,1,0,0,1,0,1,0,0.547528517,1,1,0.666666667,0.666666667,1,0,1,0.5,0.5,0.625,1,0,0,1,0.2,0.111111111,20.7,0.492,0.644,6.6
0,1,0,0,1,0,1,0,0.547528517,1,1,0.666666667,0.666666667,1,0,1,0.5,0.5,0.625,1,0,0,1,0.2,0.111111111,20.9,0.488,0.693,7.1
0,1,0,0,1,0,1,0,0.547528517,1,1,0.666666667,0.666666667,1,0,1,0.5,0.5,0.625,1,0,0,1,0.2,0.111111111,19.7,0.49,0.648,6.2
0,1,0,0,1,0,1,0,0.547528517,1,1,0.666666667,0.666666667,1,0,1,0.5,0.5,0.625,1,0,0,1,0.2,0.111111111,19.5,0.497,0.678,6.6
0,1,0,0,1,0,1,0,0.547528517,1,1,0.666666667,0.666666667,1,0,1,0.5,0.5,0.625,1,0,0,1,0.2,0.111111111,20.3,0.489,0.686,6.8
0,1,0,0,1,0,1,0,0.547528517,1,1,0.666666667,0.666666667,1,0,1,0.5,0.5,0.625,1,0,0,1,0.2,0.111111111,20.9,0.486,0.643,6.5
0,1,0,0,1,0,1,0,0.547528517,1,1,0.666666667,0.666666667,1,0,1,0.5,0.5,0.625,1,0,0,1,0.2,0.111111111,19.8,0.471,0.68,6.3
0,1,0,0,1,0,1,0,0.547528517,1,1,0.666666667,0.666666667,1,0,1,0.5,0.5,0.625,1,0,0,1,0.2,0.111111111,21.3,0.476,0.612,6.2
0,1,0,0,1,0,1,0,0.547528517,1,1,0.666666667,0.666666667,1,0,1,0.5,0.5,0.625,1,0,0,1,0.2,0.111111111,17.4,0.536,0.715,6.7
0,1,0,0,1,0,1,0,0.547528517,1,1,0.666666667,0.666666667,1,0,1,0.5,0.5,0.625,1,0,0,1,0.2,0.111111111,18,0.538,0.704,6.8
0,1,0,0,1,0,1,0,0.547528517,1,1,0.666666667,0.666666667,1,0,1,0.5,0.5,0.625,1,0,0,1,0.2,0.111111111,18,0.538,0.699,6.8
0,1,0,0,1,0,1,0,0.547528517,1,1,0.666666667,0.666666667,1,0,1,0.5,0.5,0.625,1,0,0,1,0.2,0.111111111,18,0.536,0.701,6.8
0,1,0,0,1,0,1,0,0.547528517,1,1,0.666666667,0.666666667,1,0,1,0.5,0.5,0.625,1,0,0,1,0.2,0.111111111,19,0.545,0.61,6.3
0,1,0,0,1,0,1,0,0.547528517,1,1,0.666666667,0.666666667,1,0,1,0.5,0.5,0.625,1,0,0,1,0.2,0.111111111,19,0.545,0.665,6.9
0,1,0,0,1,0,1,0,0.547528517,1,1,0.666666667,0.666666667,1,0,1,0.5,0.5,0.625,1,0,0,1,0.2,0.111111111,18.7,0.547,0.609,6.2
0,1,0,1,0,0,1,0,0.580988593,0,0.666666667,0.333333333,0.333333333,0,0,0,0.5,0.75,0.5,0.666666667,0,0,1,0.428571429,0.111111111,22.42,0.94,0.5844,12.31
0,1,0,1,0,0,1,0,0.580988593,0,0.666666667,0.333333333,0.333333333,0,0,0,0.5,0.75,0.5,0.666666667,0,0,1,0.428571429,0.111111111,22.46,0.9,0.5556,11.31
0,0.95,0.05,1,0,0,1,0,0.583269962,0,0.666666667,0.333333333,0.333333333,0,0,0,0.5,0.75,0.5,0.666666667,0,0,1,0.428571429,0.111111111,21.66,0.94,0.6337,12.94
0,0.95,0.05,1,0,0,1,0,0.583269962,0,0.666666667,0.333333333,0.333333333,0,0,0,0.5,0.75,0.5,0.666666667,0,0,1,0.428571429,0.111111111,21.69,0.93,0.5852,11.79
0,0.9,0.1,1,0,0,1,0,0.591634981,0,0.666666667,0.333333333,0.333333333,0,0,0,0.5,0.75,0.5,0.666666667,0,0,1,0.428571429,0.111111111,21.8,0.99,0.7167,15.4
0,0.9,0.1,1,0,0,1,0,0.591634981,0,0.666666667,0.333333333,0.333333333,0,0,0,0.5,0.75,0.5,0.666666667,0,0,0,0.428571429,0.111111111,21.87,0.92,0.6769,13.69
0,0.85,0.15,1,0,0,1,0,0.595057034,0,0.666666667,0.333333333,0.333333333,0,0,0,0.5,0.75,0.5,0.666666667,0,0,1,0.285714286,0.111111111,21.55,1.01,0.7213,15.75
0,0.85,0.15,1,0,0,1,0,0.595057034,0,0.666666667,0.333333333,0.333333333,0,0,0,0.5,0.75,0.5,0.666666667,0,0,1,0.285714286,0.111111111,21.51,0.98,0.6439,13.55
0,0.8,0.2,1,0,0,1,0,0.598859316,0,0.666666667,0.333333333,0.333333333,0,0,0,0.5,0.75,0.5,0.666666667,0,0,1,0.285714286,0.111111111,21.73,1.03,0.7237,16.18
0,0.8,0.2,1,0,0,1,0,0.598859316,0,0.666666667,0.333333333,0.333333333,0,0,0,0.5,0.75,0.5,0.666666667,0,0,1,0.285714286,0.111111111,21.51,0.97,0.6442,13.45
0,0.75,0.25,1,0,0,1,0,0.600380228,0,0.666666667,0.333333333,0.333333333,0,0,0,0.5,0.75,0.5,0.666666667,0,0,1,0.285714286,0.111111111,20.83,1.01,0.7463,15.68
0,0.75,0.25,1,0,0,1,0,0.600380228,0,0.666666667,0.333333333,0.333333333,0,0,0,0.5,0.75,0.5,0.666666667,0,0,1,0.285714286,0.111111111,20.74,0.99,0.6636,13.68
0,0.7,0.3,1,0,0,1,0,0.601520913,0,0.666666667,0.333333333,0.333333333,0,0,0,0.5,0.75,0.5,0.666666667,0,0,1,0.285714286,0.111111111,20.33,1.03,0.7248,15.21
0,0.7,0.3,1,0,0,1,0,0.601520913,0,0.666666667,0.333333333,0.333333333,0,0,0,0.5,0.75,0.5,0.666666667,0,0,1,0.285714286,0.111111111,20.46,1.02,0.662,13.81
0,0.8,0.2,1,0,0,1,0,0.598859316,0,0.666666667,0.333333333,0.333333333,0,1,0,0.5,0.75,0.5,0.666666667,0,0,1,0.285714286,0.111111111,21.65,1.03,0.7468,16.68
0,0.8,0.2,1,0,0,1,0,0.598859316,0,0.666666667,0.333333333,0.333333333,0,1,0,0.5,0.75,0.5,0.666666667,0,0,1,0.285714286,0.111111111,21.6,0.99,0.7254,15.56
1,0,0,1,0,0,1,0,0.608365019,0,0.333333333,0.333333333,0.333333333,0,0,0,0.5,0.25,0.625,0.333333333,0,0,0,0.285714286,0.111111111,12.88,0.622,0.3662,2.94
1,0,0,1,0,0,1,0,0.614068441,0,0.333333333,0.333333333,0.333333333,0,0,0,0.5,0.25,0.625,0.333333333,0,0,0,0,0,18.17,0.82,0.3329,4.74
1,0,0,1,0,0,1,0,0.600760456,0,0.333333333,0.333333333,0.333333333,0,0,0,0.5,0.25,0.625,0.333333333,0,0,0,0.285714286,0.111111111,17.57,0.698,0.4488,5.63
0,0,1,1,0,0,0,1,0.878326996,0,0.333333333,0,1,0,0,0,0.5,0.75,0.25,0.333333333,0,0,0,0.714285714,0.055555556,3.62,1.28,0.73,3.37
0,0,1,1,0,0,0,1,0.878326996,0,0.333333333,0,1,0,0,0,0.5,0.75,0.25,0.333333333,0,0,0,0.714285714,0.055555556,6.89,1.49,0.79,8.11
0,0,1,1,0,0,0,1,0.878326996,0,0.333333333,0,1,0,0,0,0.5,0.75,0.25,0.333333333,0,0,0,0.714285714,0.055555556,5.98,1.25,0.67,5.02
0,0,1,1,0,0,0,1,0.878326996,0,0.333333333,0,1,0,0,0,0,0.75,0.25,0.333333333,0,0,0,0.714285714,0.055555556,5.38,1.29,0.71,4.92
0,0,1,1,0,0,0,1,0.878326996,0,0.333333333,0,1,0,0,0,0,0.75,0.25,0.333333333,0,0,0,0.714285714,0.055555556,5.23,1.31,0.73,4.97
0,0,1,1,0,0,0,1,0.878326996,0,0.333333333,0,1,0,0,0,0,0.75,0.25,0.333333333,0,0,0,0.714285714,0.055555556,5.38,1.3,0.65,4.54
0,0,1,1,0,0,0,1,0.878326996,0,0.333333333,0,1,0,0,0,0,0.75,0.25,0.333333333,0,0,0,0.714285714,0.055555556,5.01,1.33,0.69,4.59
0,0,1,1,0,0,0,1,0.878326996,0,0.333333333,0,1,0,0,0,0.5,0.75,0.25,0.333333333,0,0,0,0.714285714,0.055555556,6.98,1.42,0.77,7.58
0,0,1,1,0,0,0,1,0.878326996,0,0.333333333,0,1,0,0,0,0.5,0.75,0.25,0.333333333,0,0,0,0.714285714,0.055555556,5.91,1.31,0.77,5.94
0,0,1,1,0,0,0,1,0.878326996,0,0.333333333,0,1,0,0,0,0.5,0.75,0.25,0.333333333,0,0,0,0.714285714,0.055555556,5.88,1.35,0.77,6.09
0,0,1,1,0,0,0,1,0.878326996,0,0.333333333,0,1,0,0,0,0.5,0.75,0.25,0.333333333,0,0,0,0.714285714,0.055555556,6.24,1.25,0.79,6.14
1,0,0,0.75,0.25,0,1,0,0.448669202,0,1,0.666666667,0.666666667,0,0,0,1,0.75,0.625,0.333333333,0.666666667,0.5,0,0.342857143,0.222222222,20.29,0.944,0.7111,13.61
1,0,0,0.75,0.25,0,1,0,0.448669202,0,1,0.666666667,0.666666667,0,0,0,1,0.75,0.625,0.333333333,0.666666667,0.5,0,0.342857143,0.222222222,19.86,0.941,0.7102,13.3
1,0,0,0.75,0.25,0,1,0,0.448669202,0,1,0.666666667,0.666666667,0,0,0,1,0.75,0.625,0.333333333,0.666666667,0.5,0,0.342857143,0.222222222,20.65,0.9578,0.7416,14.67
1,0,0,0.75,0.25,0,1,0,0.448669202,0,1,0.666666667,0.666666667,0,0,0,1,0.75,0.625,0.333333333,0.666666667,0.5,0,0.342857143,0.222222222,20.24,0.9578,0.733,14.21
1,0,0,1,0,0,1,0,0.593155894,0,1,0.666666667,0.666666667,0,0,0,1,0.75,0.625,0.333333333,0.666666667,0.5,0,0.4,0.222222222,22.82,0.757,0.709,12.25
1,0,0,1,0,0,1,0,0.593155894,0,1,0.666666667,0.666666667,0,0,0,1,0.75,0.625,0.333333333,0.666666667,0.5,0,0.4,0.222222222,22.35,0.759,0.7448,12.63
1,0,0,1,0,0,1,0,0.593155894,0,1,0.666666667,0.666666667,0,0,0,1,0.75,0.625,0.333333333,0.666666667,0.5,0,0.4,0.222222222,23.87,0.7454,0.7474,13.3
1,0,0,1,0,0,1,0,0.593155894,0,1,0.666666667,0.666666667,0,0,0,1,0.75,0.625,0.333333333,0.666666667,0.5,0,0.4,0.222222222,23.8,0.7454,0.7856,13.93
1,0,0,1,0,0,1,0,0.6121673,1,1,0.666666667,0.666666667,1,0,0,1,1,0.125,0.166666667,0.666666667,0.75,1,0.285714286,0.111111111,19.6,0.92,0.78,14.07
1,0,0,0.75,0.25,0,1,0,0.524714829,1,1,0.666666667,0.666666667,1,0,0,1,1,0.125,0.166666667,0.666666667,0.75,1,0.285714286,0.111111111,22.44,0.82,0.78,14.35
1,0,0,0.5,0.5,0,1,0,0.494296578,1,1,0.666666667,0.666666667,1,0,0,1,1,0.125,0.166666667,0.666666667,0.75,1,0.285714286,0.111111111,11.07,0.52,0.64,3.68
1,0,0,0.25,0.75,0,1,0,0.482889734,1,1,0.666666667,0.666666667,1,0,0,1,1,0.125,0.166666667,0.666666667,0.75,1,0.285714286,0.111111111,11.12,0.36,0.59,2.36
1,0,0,0,1,0,1,0,0.513307985,1,1,0.666666667,0.666666667,1,0,0,1,1,0.125,0.166666667,0.666666667,0.75,0,0.285714286,0.111111111,4.52,0.15,0.38,0.26
0.75,0.25,0,0.75,0.25,0,1,0,0.509505703,1,1,0.666666667,0.666666667,1,0,0,1,1,0.125,0.166666667,0.666666667,0.75,1,0.285714286,0.111111111,22.52,0.8,0.77,13.87
0.5,0.5,0,0.75,0.25,0,1,0,0.505703422,1,1,0.666666667,0.666666667,1,0,0,1,1,0.125,0.166666667,0.666666667,0.75,1,0.285714286,0.111111111,23.03,0.78,0.79,14.19
0.25,0.75,0,0.75,0.25,0,1,0,0.505703422,1,1,0.666666667,0.666666667,1,0,0,1,1,0.125,0.166666667,0.666666667,0.75,1,0.285714286,0.111111111,16.55,0.7,0.65,7.53
0,1,0,0.75,0.25,0,1,0,0.498098859,1,1,0.666666667,0.666666667,1,0,0,1,1,0.125,0.166666667,0.666666667,0.75,1,0.285714286,0.111111111,18.08,0.75,0.54,7.32
0.9,0,0.1,1,0,0,1,0,0.6121673,1,1,0.666666667,0.666666667,0,1,1,1,1,0.125,0.166666667,0.666666667,0.666666667,1,0.285714286,0.111111111,18.57,1,0.744,13.81
0.9,0,0.1,0.75,0.25,0,1,0,0.52851711,1,1,0.666666667,0.666666667,0,1,1,1,1,0.125,0.166666667,0.666666667,0.666666667,1,0.285714286,0.111111111,22.8,0.84,0.76,14.55
0.9,0,0.1,0.5,0.5,0,1,0,0.486692015,1,1,0.666666667,0.666666667,0,1,1,1,1,0.125,0.166666667,0.666666667,0.666666667,1,0.285714286,0.111111111,23.32,0.7,0.617,10.07
0.9,0,0.1,0.25,0.75,0,1,0,0.479087452,1,1,0.666666667,0.666666667,0,1,1,1,1,0.125,0.166666667,0.666666667,0.666666667,1,0.285714286,0.111111111,21.84,0.48,0.609,6.38
0.9,0,0.1,0,1,0,1,0,0.536121673,1,1,0.666666667,0.666666667,0,1,1,1,1,0.125,0.166666667,0.666666667,0.666666667,1,0.285714286,0.111111111,4.53,0.2,0.364,0.33
1,0,0,0,1,0,1,0,0.501901141,1,1,0.666666667,0.666666667,0,0,0,1,1,0.125,0.166666667,0.666666667,0.666666667,1,0.285714286,0.111111111,18.65,0.62,0.55,6.36
0.8,0,0.2,0.5,0.5,0,1,0,0.501901141,1,1,0.666666667,0.666666667,0,1,1,1,1,0.125,0.166666667,0.666666667,0.666666667,1,0.285714286,0.111111111,20.58,0.6,0.607,7.5
0.7,0,0.3,0.5,0.5,0,1,0,0.501901141,1,1,0.666666667,0.666666667,0,1,1,1,1,0.125,0.166666667,0.666666667,0.666666667,1,0.285714286,0.111111111,14.96,0.39,0.504,2.94
0,0,1,1,0,0,0.666666667,0.333333333,0.714828897,0,1,1,0.666666667,0,0,0,1,0.75,0.125,0.055555556,0.5,0.5,0,0.457142857,0.055555556,25.45,1.14,0.8011,14.1
0,0,1,1,0,0,0.666666667,0.333333333,0.714828897,0,1,1,0.666666667,1,1,0,1,0.75,0.125,0.055555556,0.5,0.5,0,0.457142857,0.055555556,15.83,1.23,0.8298,16.13
0,0,1,1,0,0,0.666666667,0.333333333,0.714828897,0,1,1,0.666666667,0,0,0,1,0.75,0.125,0.055555556,0.5,0.5,0,0.457142857,0.055555556,15.39,1.13,0.8009,13.93
0,0,1,1,0,0,0.666666667,0.333333333,0.714828897,0,1,1,0.666666667,1,1,0,1,0.75,0.125,0.055555556,0.5,0.5,0,0.457142857,0.055555556,15.55,1.152,0.8079,14.47
0,0,1,1,0,0,0.666666667,0.333333333,0.714828897,0,1,1,0.666666667,1,1,0,1,0.75,0.125,0.055555556,0.5,0.5,0,0.457142857,0.055555556,15.83,1.228,0.8296,16.13
0,0,1,1,0,0,0.666666667,0.333333333,0.714828897,0,1,1,0.666666667,1,1,0,1,0.75,0.125,0.055555556,0.5,0.5,0,0.457142857,0.055555556,15.64,1.191,0.8187,15.25
1,0,0,1,0,0,1,0,0.570342205,0,0.666666667,0.333333333,0.333333333,0,0,0,0.5,0.25,0.25,0.166666667,0,0,0,0.2,0.333333333,20.98,0.985,0.655,13.54
1,0,0,1,0,0,1,0,0.570342205,0,0.666666667,0.333333333,0.333333333,0,0,0,0.5,0.25,0.25,0.166666667,0,0,0,0.2,0.333333333,20.9,0.99,0.65,13.5
1,0,0,1,0,0,1,0,0.570342205,0,0.666666667,0.333333333,0.333333333,0,0,0,0.5,0.25,0.25,0.166666667,0,0,0,0.2,0.333333333,18.6,1.01,0.61,12.1
1,0,0,1,0,0,1,0,0.570342205,0,1,0.666666667,0.666666667,1,0,0,1,0.75,0.625,0.333333333,0.833333333,0.5,0,0.4,0.222222222,19.97,0.95,0.78,14.83
1,0,0,0.75,0.25,0,1,0,0.463878327,0,1,0.666666667,0.666666667,1,0,0,1,0.75,0.625,0.333333333,0.833333333,0.5,0,0.342857143,0.222222222,14.01,0.73,0.78,14.01
1,0,0,0.5,0.5,0,1,0,0.448669202,1,1,0.666666667,0.666666667,0,0,0,1,0.25,0.75,0.666666667,0.416666667,0.5,0,0.314285714,0.5,26.3,0.75,0.688,13.6
1,0,0,0.5,0.5,0,1,0,0.448669202,1,1,0.666666667,0.666666667,0,0,0,1,0.25,0.75,0.666666667,0.416666667,0.5,0,0.314285714,0.5,24.9,0.75,0.659,12.3
1,0,0,0.5,0.5,0,1,0,0.448669202,1,1,0.666666667,0.666666667,0,0,0,1,0.25,0.75,0.666666667,0.416666667,0.5,0,0.314285714,0.5,25.2,0.74,0.653,12.2
1,0,0,1,0,0,1,0,0.570342205,0,0.333333333,1,0.333333333,0,0,0,0.5,0.25,0.75,0.666666667,0,0,0,0.2,0.333333333,19.76,0.963,0.698,13.28
1,0,0,1,0,0,1,0,0.570342205,0,0.333333333,1,0.333333333,0,0,0,0.5,0.25,0.75,0.666666667,0,0,0,0.2,0.333333333,20.28,1.023,0.713,14.79
1,0,0,1,0,0,1,0,0.570342205,0,0.333333333,1,0.333333333,0,0,0,0.5,0.25,0.75,0.666666667,0,0,0,0.2,0.333333333,20.35,0.993,0.686,13.86
1,0,0,1,0,0,1,0,0.570342205,0,0.333333333,0.333333333,0.333333333,0,0,0,0.5,0.25,0.75,0.666666667,0,0,0,0.2,0.333333333,20.31,1.036,0.723,15.23
1,0,0,1,0,0,1,0,0.589353612,0,0.333333333,0.333333333,1,0,0,0,0.5,0.25,0.8125,0.333333333,0,0,0,0.285714286,0.111111111,18.7,1.11,0.67,13
1,0,0,1,0,0,1,0,0.589353612,0,0.333333333,0.333333333,1,0,0,0,0.5,0.25,0.8125,0.333333333,0,0,0,0.285714286,0.111111111,20.8,1.101,0.67,13.6
1,0,0,1,0,0,1,0,0.589353612,0,0.333333333,0.333333333,1,0,0,0,0.5,0.25,0.8125,0.333333333,0,0,0,0.285714286,0.111111111,19.9,0.982,0.64,12.2
1,0,0,1,0,0,1,0,0.589353612,0,0.333333333,0.333333333,1,0,0,0,0.5,0.25,0.8125,0.333333333,0,0,0,0.285714286,0.111111111,19.9,1.022,0.68,13.3
1,0,0,1,0,0,1,0,0.589353612,0,0.333333333,0.333333333,1,0,0,0,0.5,0.25,0.8125,0.333333333,0,0,0,0.285714286,0.111111111,20.2,0.985,0.54,10.5
0,0,1,1,0,0,0.666666667,0.333333333,0.72243346,0,0.333333333,0.333333333,0.333333333,1,0,0,1,0.75,0.125,0.111111111,0.666666667,0.666666667,0,0.342857143,0.111111111,14.89,1.18,0.7723,13.54
0,0,1,1,0,0,0.666666667,0.333333333,0.72243346,0,0.333333333,0.333333333,0.333333333,0,0,0,1,0.75,0.125,0.111111111,0.666666667,0.666666667,0,0.371428571,0.111111111,13.55,1.08,0.65,9.48
0,0,1,1,0,0,0.666666667,0.333333333,0.72243346,0,0.333333333,0.333333333,0.333333333,1,0,0,1,0.75,0.125,0.111111111,0.666666667,0.666666667,0,0.285714286,0.111111111,14.33,1.16,0.6571,10.91
0,0,1,1,0,0,0.666666667,0.333333333,0.72243346,0,0.333333333,0.333333333,0.333333333,1,0,0,1,0.75,0.125,0.111111111,0.666666667,0.666666667,0,0.314285714,0.111111111,14.39,1.17,0.6579,11.03
0,0,1,1,0,0,0.666666667,0.333333333,0.72243346,0,0.333333333,0.333333333,0.333333333,1,0,0,1,0.75,0.125,0.111111111,0.666666667,0.666666667,0,0.342857143,0.111111111,14.47,1.17,0.6737,11.4
0,0,1,1,0,0,0.666666667,0.333333333,0.72243346,0,0.333333333,0.333333333,0.333333333,1,0,0,1,0.75,0.125,0.111111111,0.666666667,0.666666667,0,0.371428571,0.111111111,14.61,1.19,0.6725,11.73
0,0,1,1,0,0,0.666666667,0.333333333,0.72243346,0,0.333333333,0.333333333,0.333333333,1,0,0,1,0.75,0.125,0.111111111,0.666666667,0.666666667,0,0.4,0.111111111,14.17,1.12,0.6634,10.51
0,0,1,1,0,0,0.666666667,0.333333333,0.72243346,0,0.333333333,0.333333333,0.333333333,1,0,0,1,0.75,0.125,0.111111111,0.666666667,0.666666667,0,0.371428571,0.111111111,14.23,1.17,0.6536,10.9
0,0,1,1,0,0,0.666666667,0.333333333,0.72243346,0,0.333333333,0.333333333,0.333333333,1,0,0,1,0.75,0.125,0.111111111,0.666666667,0.666666667,0,0.371428571,0.111111111,14.82,1.12,0.6864,11.42
0,0,1,1,0,0,0.666666667,0.333333333,0.72243346,0,0.333333333,0.333333333,0.333333333,1,0,0,1,0.75,0.125,0.111111111,0.666666667,0.666666667,0,0.371428571,0.111111111,14.4,1.13,0.6818,11.11
0,0,1,1,0,0,0.666666667,0.333333333,0.72243346,0,0.333333333,0.333333333,0.333333333,1,0,0,1,0.75,0.125,0.111111111,0.666666667,0.666666667,0,0.342857143,0.111111111,15.55,1.15,0.7564,13.57
0,0,1,1,0,0,0.666666667,0.333333333,0.72243346,0,0.333333333,0.333333333,0.333333333,1,0,0,1,0.75,0.125,0.111111111,0.666666667,0.666666667,0,0.342857143,0.111111111,15.57,1.18,0.7456,13.69
0,1,0,0,1,0,1,0,0.52851711,1,1,1,0.666666667,0,0,0,1,0.75,0.25,0.055555556,0.833333333,0.5,0,0.2,0.111111111,17.72,0.25,0.5111,2.34
0,1,0,0,1,0,1,0,0.52851711,1,1,1,0.666666667,0,1,0,1,0.75,0.25,0.055555556,0.833333333,0.5,0,0.2,0.111111111,18.53,0.35,0.5989,3.93
0,1,0,0,1,0,1,0,0.52851711,1,1,1,0.666666667,0,1,0,1,0.75,0.25,0.055555556,0.833333333,0.5,0,0.2,0.111111111,19.55,0.5,0.6371,6.25
0,1,0,0,1,0,1,0,0.52851711,1,1,1,0.666666667,0,1,0,1,0.75,0.25,0.055555556,0.833333333,0.5,0,0.2,0.111111111,19.18,0.33,0.5791,3.71
0,0,1,1,0,0,0.666666667,0.333333333,0.72243346,0,0.333333333,0.333333333,0.333333333,0,0,0,1,0.75,0.125,0.111111111,0.666666667,0.75,1,0.571428571,0.111111111,14.72,1.14,0.6755,11.36
0,0,1,1,0,0,0.666666667,0.333333333,0.72243346,0,0.333333333,0.333333333,0.333333333,0,0,0,1,0.75,0.125,0.111111111,0.666666667,0.75,1,0.571428571,0.111111111,14.73,1.1,0.6547,10.64
0,0,1,1,0,0,0.666666667,0.333333333,0.72243346,0,0.333333333,0.333333333,0.333333333,1,0,0,1,0.75,0.125,0.111111111,0.666666667,0.75,1,0.571428571,0.111111111,15.33,1.22,0.787,14.78
0,0,1,1,0,0,0.666666667,0.333333333,0.72243346,0,0.333333333,0.333333333,0.333333333,1,0,0,1,0.75,0.125,0.111111111,0.666666667,0.75,1,0.571428571,0.111111111,15.22,1.2,0.7589,13.86
0,0,1,1,0,0,0.666666667,0.333333333,0.72243346,0,0.333333333,0.333333333,0.333333333,1,0,0,1,0.75,0.125,0.111111111,0.666666667,0.75,1,0.571428571,0.111111111,14.86,1.18,0.7299,12.8
0,0,1,1,0,0,0.666666667,0.333333333,0.72243346,0,0.333333333,0.333333333,0.333333333,1,0,0,1,0.75,0.125,0.111111111,0.666666667,0.75,1,0.571428571,0.111111111,14.73,1.16,0.6795,11.61
0,0,1,0,1,0,1,0,0.661596958,0,0.333333333,0.333333333,0.333333333,0,0,0,0.5,1,0.1875,0.333333333,0,0,0,0.285714286,0.222222222,9.4,0.58,0.57,3.1
0,0,1,0,0.6,0.4,1,0,0.600760456,0,0.333333333,0.333333333,0.333333333,0,0,0,0.5,1,0.1875,0.333333333,0,0,0,0.285714286,0.222222222,11.8,0.65,0.64,4.9
0,1,0,0,1,0,1,0,0.532319392,1,1,0.666666667,0.666666667,0,0,0,0.5,0.75,0.625,0.333333333,0,0,0,0.271428571,0.166666667,19.95,0.408,0.5822,4.74
0,1,0,0,1,0,1,0,0.532319392,1,1,0.666666667,0.666666667,0,0,0,0.5,0.75,0.625,0.333333333,0,0,0,0.271428571,0.166666667,18.6,0.408,0.5959,4.52
0,1,0,0,1,0,1,0,0.532319392,1,1,0.666666667,0.666666667,0,0,0,0.5,0.75,0.625,0.333333333,0,0,0,0.271428571,0.166666667,19.46,0.384,0.6018,4.5
0,1,0,0,1,0,1,0,0.532319392,1,1,0.666666667,0.666666667,0,0,0,0.5,0.75,0.625,0.333333333,0,0,0,0.271428571,0.166666667,18.16,0.406,0.6016,4.44
0,1,0,0,1,0,1,0,0.532319392,1,1,0.666666667,0.666666667,0,0,0,0.5,0.75,0.625,0.333333333,0,0,0,0.271428571,0.166666667,19.41,0.384,0.5896,4.4
0,1,0,0,1,0,1,0,0.532319392,1,1,0.666666667,0.666666667,0,0,0,0.5,0.75,0.625,0.333333333,0,0,0,0.271428571,0.166666667,18.98,0.386,0.5938,4.36
0,1,0,0,1,0,1,0,0.532319392,1,1,0.666666667,0.666666667,0,0,0,0.5,0.75,0.625,0.333333333,0,0,0,0.271428571,0.166666667,19.74,0.372,0.585,4.3
0,1,0,0,1,0,1,0,0.532319392,1,1,0.666666667,0.666666667,0,0,0,0.5,0.75,0.625,0.333333333,0,0,0,0.271428571,0.166666667,19.37,0.383,0.5725,4.26
0,1,0,0,1,0,1,0,0.532319392,1,1,0.666666667,0.666666667,0,0,0,0.5,0.75,0.625,0.333333333,0,0,0,0.271428571,0.166666667,19.17,0.394,0.5614,4.25
0,1,0,0,1,0,1,0,0.532319392,1,1,0.666666667,0.666666667,0,0,0,0.5,0.75,0.625,0.333333333,0,0,0,0.271428571,0.166666667,18.98,0.388,0.5716,4.21
0,1,0,0,1,0,1,0,0.532319392,1,1,0.666666667,0.666666667,0,0,0,0.5,0.75,0.625,0.333333333,0,0,0,0.271428571,0.166666667,18.57,0.381,0.578,4.09
0,1,0,0,1,0,1,0,0.532319392,1,1,0.666666667,0.666666667,0,0,0,0.5,0.75,0.625,0.333333333,0,0,0,0.271428571,0.166666667,17.86,0.369,0.6065,4
0,1,0,0,1,0,1,0,0.532319392,1,1,0.666666667,0.666666667,0,0,0,0.5,0.75,0.625,0.333333333,0,0,0,0.271428571,0.166666667,18.17,0.361,0.6068,3.97
0,1,0,0,1,0,1,0,0.532319392,1,1,0.666666667,0.666666667,0,0,0,0.5,0.75,0.625,0.333333333,0,0,0,0.271428571,0.166666667,18.85,0.372,0.5656,3.96
0,1,0,0,1,0,1,0,0.532319392,1,1,0.666666667,0.666666667,0,0,0,0.5,0.75,0.625,0.333333333,0,0,0,0.271428571,0.166666667,18.39,0.363,0.5853,3.91
0,1,0,0,1,0,1,0,0.532319392,1,1,0.666666667,0.666666667,0,0,0,0.5,0.75,0.625,0.333333333,0,0,0,0.271428571,0.166666667,17.37,0.386,0.5744,3.85
0,1,0,0,1,0,1,0,0.532319392,1,1,0.666666667,0.666666667,0,0,0,0.5,0.75,0.625,0.333333333,0,0,0,0.271428571,0.166666667,18.27,0.366,0.5699,3.82
0,1,0,0,1,0,1,0,0.532319392,1,1,0.666666667,0.666666667,0,0,0,0.5,0.75,0.625,0.333333333,0,0,0,0.271428571,0.166666667,18.31,0.363,0.5581,3.71
0,1,0,0,1,0,1,0,0.532319392,1,1,0.666666667,0.666666667,0,0,0,0.5,0.75,0.625,0.333333333,0,0,0,0.271428571,0.166666667,16.42,0.358,0.5987,3.53
0,1,0,0,1,0,1,0,0.532319392,1,1,0.666666667,0.666666667,0,0,0,0.5,0.75,0.625,0.333333333,0,0,0,0.271428571,0.166666667,16.82,0.375,0.5452,3.44
0,1,0,0,1,0,1,0,0.532319392,1,1,0.666666667,0.666666667,0,0,0,0.5,0.75,0.625,0.333333333,0,0,0,0.271428571,0.166666667,16.98,0.351,0.5588,3.38
0,1,0,0,1,0,1,0,0.532319392,1,1,0.666666667,0.666666667,0,0,0,0.5,0.75,0.625,0.333333333,0,0,0,0.271428571,0.166666667,16.51,0.34,0.5769,3.24
0,1,0,0,1,0,1,0,0.532319392,1,1,0.666666667,0.666666667,0,0,0,0.5,0.75,0.625,0.333333333,0,0,0,0.271428571,0.166666667,16.19,0.355,0.5601,3.21
0,1,0,0,1,0,1,0,0.532319392,1,1,0.666666667,0.666666667,0,0,0,0.5,0.75,0.625,0.333333333,0,0,0,0.271428571,0.166666667,18.29,0.327,0.5076,2.86
0,1,0,0,1,0,1,0,0.532319392,1,1,0.666666667,0.666666667,0,0,0,0.5,0.75,0.625,0.333333333,0,0,0,0.271428571,0.166666667,17.24,0.326,0.5024,2.71
0,1,0,0,1,0,1,0,0.532319392,1,1,0.666666667,0.666666667,0,0,0,0.5,0.75,0.625,0.333333333,0,0,0,0.271428571,0.166666667,22.24,0.493,0.6519,7.15
0,1,0,0,1,0,1,0,0.532319392,1,1,0.666666667,0.666666667,0,0,0,0.5,0.75,0.625,0.333333333,0,0,0,0.271428571,0.166666667,21.89,0.494,0.6503,7.03
0,1,0,0,1,0,1,0,0.532319392,1,1,0.666666667,0.666666667,0,0,0,0.5,0.75,0.625,0.333333333,0,0,0,0.271428571,0.166666667,22.45,0.48,0.6501,7.02
0,1,0,0,1,0,1,0,0.532319392,1,1,0.666666667,0.666666667,0,0,0,0.5,0.75,0.625,0.333333333,0,0,0,0.271428571,0.166666667,21.83,0.492,0.6462,6.93
0,1,0,0,1,0,1,0,0.532319392,1,1,0.666666667,0.666666667,0,0,0,0.5,0.75,0.625,0.333333333,0,0,0,0.271428571,0.166666667,21.48,0.483,0.6563,6.81
0,1,0,0,1,0,1,0,0.532319392,1,1,0.666666667,0.666666667,0,0,0,0.5,0.75,0.625,0.333333333,0,0,0,0.271428571,0.166666667,21.95,0.478,0.646,6.78
0,1,0,0,1,0,1,0,0.532319392,1,1,0.666666667,0.666666667,0,0,0,0.5,0.75,0.625,0.333333333,0,0,0,0.271428571,0.166666667,22.17,0.471,0.644,6.72
0,1,0,0,1,0,1,0,0.532319392,1,1,0.666666667,0.666666667,0,0,0,0.5,0.75,0.625,0.333333333,0,0,0,0.271428571,0.166666667,21.54,0.477,0.6417,6.59
0,1,0,0,1,0,1,0,0.532319392,1,1,0.666666667,0.666666667,0,0,0,0.5,0.75,0.625,0.333333333,0,0,0,0.271428571,0.166666667,21.42,0.483,0.6306,6.53
0,1,0,0,1,0,1,0,0.532319392,1,1,0.666666667,0.666666667,0,0,0,0.5,0.75,0.625,0.333333333,0,0,0,0.271428571,0.166666667,21.48,0.469,0.6408,6.47
0,1,0,0,1,0,1,0,0.532319392,1,1,0.666666667,0.666666667,0,0,0,0.5,0.75,0.625,0.333333333,0,0,0,0.271428571,0.166666667,21.19,0.475,0.637,6.42
0,1,0,0,1,0,1,0,0.532319392,1,1,0.666666667,0.666666667,0,0,0,0.5,0.75,0.625,0.333333333,0,0,0,0.271428571,0.166666667,21.93,0.477,0.6128,6.41
0,1,0,0,1,0,1,0,0.532319392,1,1,0.666666667,0.666666667,0,0,0,0.5,0.75,0.625,0.333333333,0,0,0,0.271428571,0.166666667,21.29,0.485,0.6106,6.31
0,1,0,0,1,0,1,0,0.532319392,1,1,0.666666667,0.666666667,0,0,0,0.5,0.75,0.625,0.333333333,0,0,0,0.271428571,0.166666667,20.91,0.471,0.6388,6.3
0,1,0,0,1,0,1,0,0.532319392,1,1,0.666666667,0.666666667,0,0,0,0.5,0.75,0.625,0.333333333,0,0,0,0.271428571,0.166666667,21.6,0.479,0.6063,6.28
0,1,0,0,1,0,1,0,0.532319392,1,1,0.666666667,0.666666667,0,0,0,0.5,0.75,0.625,0.333333333,0,0,0,0.271428571,0.166666667,21.35,0.481,0.6074,6.25
0,1,0,0,1,0,1,0,0.532319392,1,1,0.666666667,0.666666667,0,0,0,0.5,0.75,0.625,0.333333333,0,0,0,0.271428571,0.166666667,20.51,0.485,0.6221,6.19
0,1,0,0,1,0,1,0,0.532319392,1,1,0.666666667,0.666666667,0,0,0,0.5,0.75,0.625,0.333333333,0,0,0,0.271428571,0.166666667,20.52,0.485,0.6129,6.1
0,1,0,0,1,0,1,0,0.532319392,1,1,0.666666667,0.666666667,0,0,0,0.5,0.75,0.625,0.333333333,0,0,0,0.271428571,0.166666667,20.06,0.479,0.6306,6.07
0,1,0,0,1,0,1,0,0.532319392,1,1,0.666666667,0.666666667,0,0,0,0.5,0.75,0.625,0.333333333,0,0,0,0.271428571,0.166666667,20.35,0.482,0.6162,6.05
0,1,0,0,1,0,1,0,0.532319392,1,1,0.666666667,0.666666667,0,0,0,0.5,0.75,0.625,0.333333333,0,0,0,0.271428571,0.166666667,19.74,0.484,0.6231,5.96
0,1,0,0,1,0,1,0,0.532319392,1,1,0.666666667,0.666666667,0,0,0,0.5,0.75,0.625,0.333333333,0,0,0,0.271428571,0.166666667,19.97,0.478,0.6194,5.92
0,1,0,0,1,0,1,0,0.532319392,1,1,0.666666667,0.666666667,0,0,0,0.5,0.75,0.625,0.333333333,0,0,0,0.271428571,0.166666667,19.89,0.486,0.6095,5.9
0,1,0,0,1,0,1,0,0.532319392,1,1,0.666666667,0.666666667,0,0,0,0.5,0.75,0.625,0.333333333,0,0,0,0.271428571,0.166666667,19.86,0.483,0.6001,5.75
0.15,0.8,0.05,1,0,0,1,0,0.593155894,0,0.333333333,0,1,0,0,0,1,0.75,0.125,0.111111111,0.666666667,0.5,1,0.285714286,0.333333333,23.89,0.98,0.8,18.66
0.15,0.8,0.05,1,0,0,1,0,0.593155894,0,0.333333333,0,1,1,0,0,1,0.75,0.125,0.111111111,0.666666667,0.5,1,0.285714286,0.333333333,24.23,1.01,0.78,19.11
0.15,0.8,0.05,1,0,0,1,0,0.593155894,0,0.333333333,0,1,1,0,0,1,0.75,0.125,0.111111111,0.666666667,0.5,1,0.285714286,0.333333333,24.71,1.01,0.78,19.49
0.15,0.8,0.05,1,0,0,1,0,0.593155894,0,0.333333333,0,1,1,0,0,1,0.75,0.125,0.111111111,0.666666667,0.5,1,0.285714286,0.333333333,25.25,1.02,0.79,20.3
0.1615,0.7885,0.05,1,0,0,0.83,0.17,0.589353612,0,0.666666667,1,0.666666667,0,0,0,1,0.75,0.075,0.066666667,0.666666667,0.666666667,1,0.428571429,0.111111111,23.23,1.152,0.7633,20.08
0.1615,0.7885,0.05,1,0,0,0.83,0.17,0.562737643,0,0.666666667,1,0.666666667,1,0,0,1,0.75,0.075,0.066666667,0.666666667,0.666666667,1,0.428571429,0.111111111,24.15,1.174,0.7859,21.36
0.1615,0.7885,0.05,1,0,0,0.83,0.17,0.562737643,0,0.666666667,1,0.666666667,1,0,0,1,0.75,0.075,0.066666667,0.666666667,0.666666667,1,0.428571429,0.111111111,24.4,1.208,0.8076,23.62
0.1615,0.7885,0.05,1,0,0,0.83,0.17,0.562737643,0,0.666666667,1,0.666666667,1,0,0,1,0.75,0.075,0.066666667,0.666666667,0.666666667,1,0.428571429,0.111111111,23.47,1.178,0.7761,20.76
0.08,0.92,0,1,0,0,1,0,0.581749049,0,0.666666667,1,0.333333333,0,0,0,1,0.75,0.375,0.333333333,0.416666667,0.5,0,0.428571429,0.166666667,24.45,1.148,0.751,21.15
0.08,0.92,0,1,0,0,1,0,0.581749049,0,0.666666667,1,0.333333333,0,0,0,1,0.75,0.375,0.333333333,0.416666667,0.5,0,0.428571429,0.166666667,24.75,1.16,0.7932,22.63
0.08,0.92,0,1,0,0,1,0,0.581749049,0,0.666666667,1,0.333333333,0,0,0,1,0.75,0.375,0.333333333,0.416666667,0.5,0,0.428571429,0.166666667,24.42,1.14,0.7753,21.53
0.08,0.92,0,1,0,0,1,0,0.581749049,0,0.666666667,1,0.333333333,0,0,0,1,0.75,0.375,0.333333333,0.416666667,0.5,0,0.428571429,0.166666667,24.72,1.15,0.7839,22.34
0.05,0.9,0.05,1,0,0,0.9,0.1,0.600760456,0,0.333333333,1,0.666666667,0,0,0,1,0.75,0.125,0.111111111,0.666666667,0.333333333,0,0.285714286,0.666666667,24.15,1.07,0.78,20.18
0.05,0.9,0.05,1,0,0,0.9,0.1,0.603041825,0,0.333333333,1,0.666666667,0,0,0,1,0.75,0.125,0.111111111,0.666666667,0.333333333,1,0.285714286,0.666666667,25.02,1.16,0.8,23.22
0.02,0.98,0.05,1,0,0,1,0,0.589353612,0,1,0,1,0,0,1,1,0.75,0.25,0.277777778,0.833333333,0.5,1,0.314285714,0.222222222,25.57,1.123,0.832,23.88
0.02,0.98,0.05,1,0,0,1,0,0.589353612,0,1,0,1,0,0,1,1,0.75,0.25,0.277777778,0.833333333,0.5,1,0.314285714,0.222222222,25.35,1.122,0.8231,23.41
0.02,0.98,0.05,1,0,0,1,0,0.589353612,0,1,0,1,0,0,1,1,0.75,0.25,0.277777778,0.833333333,0.5,1,0.314285714,0.222222222,25.67,1.178,0.8647,26.15
0.02,0.98,0.05,1,0,0,1,0,0.589353612,0,1,0,1,0,0,1,1,0.75,0.25,0.277777778,0.833333333,0.5,1,0.314285714,0.222222222,25.59,1.171,0.8663,25.96
0.14,0.8,0.06,1,0,0,1,0,0.589353612,1,1,0,0.666666667,1,0,1,1,0.75,0.125,0.111111111,0.833333333,0.5,1,0.285714286,0.333333333,24.5,1.18,0.8197,23.7
0.14,0.8,0.06,1,0,0,1,0,0.589353612,1,1,0,0.666666667,1,0,1,1,0.75,0.125,0.111111111,0.833333333,0.5,1,0.285714286,0.333333333,24.53,1.18,0.8426,24.39
0.14,0.8,0.06,1,0,0,1,0,0.589353612,1,1,0,0.666666667,1,0,1,1,0.75,0.125,0.111111111,0.833333333,0.5,1,0.285714286,0.333333333,24.74,1.18,0.8297,24.22
0.14,0.8,0.06,1,0,0,1,0,0.589353612,1,1,0,0.666666667,1,0,1,1,0.75,0.125,0.111111111,0.833333333,0.5,1,0.285714286,0.333333333,24.52,1.18,0.8427,24.38
0.14,0.8,0.06,1,0,0,1,0,0.589353612,1,1,0,0.666666667,1,0,1,1,0.75,0.125,0.111111111,0.833333333,0.5,1,0.285714286,0.333333333,24.65,1.18,0.8348,24.28
0.14,0.8,0.06,1,0,0,1,0,0.589353612,1,1,0,0.666666667,1,0,1,1,0.75,0.125,0.111111111,0.833333333,0.5,1,0.285714286,0.333333333,24.48,1.18,0.8384,24.22
0.14,0.8,0.06,1,0,0,1,0,0.589353612,1,1,0,0.666666667,1,0,1,1,0.75,0.125,0.111111111,0.833333333,0.5,1,0.285714286,0.333333333,24.66,1.18,0.8326,24.23
0.14,0.8,0.06,1,0,0,1,0,0.589353612,1,1,0,0.666666667,1,0,1,1,0.75,0.125,0.111111111,0.833333333,0.5,1,0.285714286,0.333333333,24.45,1.18,0.8344,24.07
0.14,0.8,0.06,1,0,0,1,0,0.589353612,1,1,0,0.666666667,1,0,1,1,0.75,0.125,0.111111111,0.833333333,0.5,1,0.285714286,0.333333333,23.86,1.18,0.8415,23.7
0.14,0.8,0.06,1,0,0,1,0,0.589353612,1,1,0,0.666666667,1,0,1,1,0.75,0.125,0.111111111,0.833333333,0.5,1,0.285714286,0.333333333,24.21,1.18,0.8373,23.92
0.14,0.8,0.06,1,0,0,1,0,0.589353612,1,1,0,0.666666667,1,0,1,1,0.75,0.125,0.111111111,0.833333333,0.5,1,0.285714286,0.333333333,24.55,1.19,0.8372,24.46
0.14,0.8,0.06,1,0,0,1,0,0.589353612,1,1,0,0.666666667,1,0,1,1,0.75,0.125,0.111111111,0.833333333,0.5,1,0.285714286,0.333333333,24.44,1.18,0.8427,24.3
0.14,0.8,0.06,1,0,0,1,0,0.589353612,1,1,0,0.666666667,1,0,1,1,0.75,0.125,0.111111111,0.833333333,0.5,1,0.285714286,0.333333333,24.69,1.18,0.8313,24.22
0.14,0.8,0.06,1,0,0,1,0,0.589353612,1,1,0,0.666666667,1,0,1,1,0.75,0.125,0.111111111,0.833333333,0.5,1,0.285714286,0.333333333,24.58,1.18,0.8352,24.23
0.14,0.8,0.06,1,0,0,1,0,0.589353612,1,1,0,0.666666667,1,0,1,1,0.75,0.125,0.111111111,0.833333333,0.5,1,0.285714286,0.333333333,24.55,1.19,0.8478,24.68
0.14,0.8,0.06,1,0,0,1,0,0.589353612,1,1,0,0.666666667,1,0,1,1,0.75,0.125,0.111111111,0.833333333,0.5,1,0.285714286,0.333333333,24.22,1.18,0.8439,24.12
0.14,0.8,0.06,1,0,0,1,0,0.589353612,1,1,0,0.666666667,1,0,1,1,0.75,0.125,0.111111111,0.833333333,0.5,1,0.285714286,0.333333333,24.75,1.18,0.8423,24.66
0.14,0.8,0.06,1,0,0,1,0,0.589353612,1,1,0,0.666666667,1,0,1,1,0.75,0.125,0.111111111,0.833333333,0.5,1,0.285714286,0.333333333,24.43,1.18,0.8402,24.23
0.14,0.8,0.06,1,0,0,1,0,0.589353612,1,1,0,0.666666667,1,0,1,1,0.75,0.125,0.111111111,0.833333333,0.5,1,0.285714286,0.333333333,24.71,1.17,0.8389,24.25
0.14,0.8,0.06,1,0,0,1,0,0.589353612,1,1,0,0.666666667,1,0,1,1,0.75,0.125,0.111111111,0.833333333,0.5,1,0.285714286,0.333333333,24.48,1.17,0.8298,23.74
0,0.8,0.2,1,0,0,0.6,0.4,0.676806084,1,1,0,0.666666667,1,0,1,0.5,0.75,0.625,0.333333333,0,0,1,0.285714286,0.111111111,24.89,1.18,0.7243,21.27
0,0.8,0.2,1,0,0,0.6,0.4,0.676806084,1,1,0,0.666666667,1,0,1,0.5,0.75,0.625,0.333333333,0,0,1,0.285714286,0.111111111,24.47,1.17,0.7856,22.49
0,0.8,0.2,1,0,0,0.6,0.4,0.676806084,1,1,0,0.666666667,1,0,1,0.5,0.75,0.625,0.333333333,0,0,1,0.285714286,0.111111111,24.81,1.19,0.7698,22.73
0,0.8,0.2,1,0,0,0.6,0.4,0.676806084,1,1,0,0.666666667,1,0,1,0.5,0.75,0.625,0.333333333,0,0,1,0.285714286,0.111111111,24.74,1.18,0.7375,21.53
0,0.8,0.2,1,0,0,0.6,0.4,0.676806084,1,1,0,0.666666667,1,0,1,0.5,0.75,0.625,0.333333333,0,0,1,0.285714286,0.111111111,24.73,1.18,0.7714,22.51
0,0.8,0.2,1,0,0,0.6,0.4,0.676806084,1,1,0,0.666666667,1,0,1,0.5,0.75,0.625,0.333333333,0,0,1,0.285714286,0.111111111,24.96,1.18,0.7584,22.34
0,0.8,0.2,1,0,0,0.6,0.4,0.676806084,1,1,0,0.666666667,1,0,1,0.5,0.75,0.625,0.333333333,0,0,1,0.285714286,0.111111111,24.74,1.17,0.7528,21.79
0,0.8,0.2,1,0,0,0.6,0.4,0.676806084,1,1,0,0.666666667,1,0,1,0.5,0.75,0.625,0.333333333,0,0,1,0.285714286,0.111111111,24.75,1.18,0.7396,21.6
0,0.8,0.2,1,0,0,0.6,0.4,0.676806084,1,1,0,0.666666667,1,0,1,0.5,0.75,0.625,0.333333333,0,0,1,0.285714286,0.111111111,24.74,1.19,0.7633,22.47
0,0.8,0.2,1,0,0,0.6,0.4,0.676806084,1,1,0,0.666666667,1,0,1,0.5,0.75,0.625,0.333333333,0,0,1,0.285714286,0.111111111,24.66,1.17,0.7408,21.37
0,0.8,0.2,1,0,0,0.6,0.4,0.676806084,1,1,0,0.666666667,1,0,1,0.5,0.75,0.625,0.333333333,0,0,1,0.285714286,0.111111111,24.59,1.17,0.7555,21.74
0,0.8,0.2,1,0,0,0.6,0.4,0.676806084,1,1,0,0.666666667,1,0,1,0.5,0.75,0.625,0.333333333,0,0,1,0.285714286,0.111111111,24.88,1.18,0.7163,21.03
0,0.8,0.2,1,0,0,0.6,0.4,0.676806084,1,1,0,0.666666667,1,0,1,0.5,0.75,0.625,0.333333333,0,0,1,0.285714286,0.111111111,24.82,1.18,0.7404,21.68
0,0.8,0.2,1,0,0,0.6,0.4,0.676806084,1,1,0,0.666666667,1,0,1,0.5,0.75,0.625,0.333333333,0,0,1,0.285714286,0.111111111,24.4,1.17,0.7267,20.75
0,0.8,0.2,1,0,0,0.6,0.4,0.676806084,1,1,0,0.666666667,1,0,1,0.5,0.75,0.625,0.333333333,0,0,1,0.285714286,0.111111111,24.41,1.18,0.7537,21.71
0,0.8,0.2,1,0,0,0.6,0.4,0.676806084,1,1,0,0.666666667,1,0,1,0.5,0.75,0.625,0.333333333,0,0,1,0.285714286,0.111111111,24.49,1.17,0.7217,20.67
0,0.8,0.2,1,0,0,0.6,0.4,0.676806084,1,1,0,0.666666667,1,0,1,0.5,0.75,0.625,0.333333333,0,0,1,0.285714286,0.111111111,24.54,1.18,0.7495,21.7
0,0.8,0.2,1,0,0,0.6,0.4,0.676806084,1,1,0,0.666666667,1,0,1,0.5,0.75,0.625,0.333333333,0,0,1,0.285714286,0.111111111,24.74,1.18,0.7259,21.19
0,0.8,0.2,1,0,0,0.6,0.4,0.676806084,1,1,0,0.666666667,1,0,1,0.5,0.75,0.625,0.333333333,0,0,1,0.285714286,0.111111111,24.78,1.19,0.7705,22.72
0,0.8,0.2,1,0,0,0.6,0.4,0.676806084,1,1,0,0.666666667,1,0,1,0.5,0.75,0.625,0.333333333,0,0,1,0.285714286,0.111111111,24.47,1.17,0.7856,22.49
0,1,0,1,0,0,1,0,0.580608365,0,0.666666667,1,0.333333333,0,0,0,1,0.75,0.125,0.055555556,0.833333333,0.583333333,1,0.285714286,0.277777778,24.73,1.129,0.805,22.25
0,1,0,1,0,0,1,0,0.580608365,0,0.666666667,1,0.333333333,0,0,0,1,0.75,0.125,0.055555556,0.833333333,0.583333333,1,0.285714286,0.277777778,24.85,1.143,0.8212,22.38
0,1,0,1,0,0,1,0,0.580608365,0,0.666666667,1,0.333333333,0,0,0,1,0.75,0.125,0.055555556,0.833333333,0.583333333,1,0.285714286,0.277777778,25.31,1.149,0.827,23.27
0,1,0,1,0,0,1,0,0.580608365,0,0.666666667,1,0.333333333,0,0,0,1,0.75,0.125,0.055555556,0.833333333,0.583333333,1,0.285714286,0.277777778,25.31,1.15,0.8307,23.76
0,0.8,0.2,0.5,0.5,0,1,0,0.460076046,1,1,0.666666667,1,0,0,0,1,0.75,0.1875,0.111111111,0.583333333,0.75,1,0.371428571,0.077777778,30.96,0.84,0.76,20.17
0,0.8,0.2,0.5,0.5,0,1,0,0.460076046,1,1,0.666666667,1,1,1,1,1,0.75,0.1875,0.111111111,0.583333333,0.75,1,0.371428571,0.077777778,31.62,0.87,0.79,22.66
0,0.8,0.2,0.5,0.5,0,1,0,0.460076046,1,1,0.666666667,1,0,1,1,1,0.75,0.1875,0.111111111,0.666666667,0.666666667,1,0.371428571,0.077777778,32.2,0.89,0.809,23.2
0,0.8,0.2,0.5,0.5,0,1,0,0.463878327,1,1,1,1,0,1,1,1,0.75,0.1875,0.111111111,0.583333333,0.75,1,0.242857143,0.333333333,32.64,0.87,0.79,22.61
0,0.8,0.2,0.5,0.5,0,1,0,0.463878327,1,1,0.666666667,1,0,1,1,1,0.75,0.1875,0.111111111,0.583333333,0.75,1,0.242857143,0.333333333,30.65,0.84,0.81,21.02
0,0.9,0.1,0.75,0.25,0,1,0,0.501901141,1,1,0.666666667,0.666666667,0,1,1,0.5,0.75,0.625,0.666666667,0,0,0,0.428571429,0.166666667,29.4,0.804,0.818,19.3
0,0.7,0.3,0.7,0.3,0,1,0,0.501901141,1,1,0.666666667,0.666666667,0,1,1,0.5,0.75,0.625,0.666666667,0,0,0,0.428571429,0.166666667,30.2,0.825,0.801,20
0.7,0.3,0,0.7,0.3,0,1,0,0.536121673,1,1,0.666666667,0.666666667,0,1,1,0.5,0.75,0.75,0.444444444,0,0,1,0.285714286,0.111111111,25.43,0.758,0.71,14
0.7,0.3,0,0.7,0.3,0,1,0,0.536121673,1,1,0.666666667,0.666666667,0,1,1,0.5,0.75,0.75,0.444444444,0,0,1,0.285714286,0.111111111,26.53,0.748,0.71,14.15
0.3,0.7,0.5,0.5,0,0,1,0,0.482889734,1,1,0.666666667,0.666666667,0,0,0,1,0.75,0.125,0.055555556,0.666666667,0.666666667,1,0.285714286,0.111111111,30.3,0.79,0.755,18
0.3,0.7,0.5,0.5,0,0,1,0,0.482889734,1,1,0.666666667,0.666666667,1,0,1,1,0.75,0.125,0.055555556,0.666666667,0.666666667,1,0.285714286,0.111111111,30.7,0.82,0.775,19.4
0.3,0.7,0.5,0.5,0,0,1,0,0.482889734,1,1,0.666666667,0.666666667,1,0,0,1,0.75,0.125,0.055555556,0.666666667,0.666666667,1,0.285714286,0.111111111,30.2,0.82,0.786,19.3
0.3,0.7,0.5,0.5,0,0,1,0,0.482889734,1,1,0.666666667,0.666666667,1,0,1,1,0.75,0.125,0.055555556,0.666666667,0.666666667,1,0.285714286,0.111111111,30.8,0.85,0.78,20.2
0.3,0.7,0.5,0.5,0.5,0,1,0,0.479087452,0,1,0.666666667,0.666666667,0,0,0,1,0.75,0.125,0.111111111,0.666666667,0.666666667,1,0.285714286,0.111111111,30.23,0.732,0.73,16.23
0.3,0.7,0.5,0.5,0.5,0,1,0,0.482889734,0,1,0.666666667,0.666666667,1,0,1,1,0.75,0.125,0.111111111,0.666666667,0.666666667,1,0.285714286,0.111111111,31,0.841,0.78,20.41
0.3,0.6,0.1,0.5,0.5,0,1,0,0.475285171,0,1,0.666666667,0.666666667,0,0,0,1,0.75,0.125,0.111111111,0.666666667,0.666666667,1,0.285714286,0.111111111,31.8,0.79,0.78,19.5
0.3,0.6,0.1,0.5,0.5,0,1,0,0.475285171,0,1,0.666666667,0.666666667,1,0,0,1,0.75,0.125,0.111111111,0.666666667,0.666666667,1,0.285714286,0.111111111,32.3,0.85,0.79,21.7
0.3,0.6,0.1,0.5,0.5,0,1,0,0.475285171,0,1,0.666666667,0.666666667,1,0,0,1,0.75,0.125,0.111111111,0.666666667,0.666666667,1,0.285714286,0.111111111,32.5,0.89,0.82,23.6
0,0.75,0.25,0.6,0.4,0,1,0,0.47148289,1,1,0.666666667,0.666666667,1,0,0,0.5,1,0.5,0.333333333,0,0,1,0.285714286,0.077777778,30.56,0.88,0.8,21.6
